店舗名,郵便番号,住所,電話番号,FAX番号,ホームページURL,メールアドレス,座席数,個室情報
"全席個室ダイニング Clover ～クローバー～ 梅田店","530-0018","大阪府大阪市北区小松原町5-8 トリオビル","050-5785-1344","","","","150席 座敷席あり 掘りごたつ席あり 座椅子あり カウンター席あり カップルシートあり ソファー席あり 夜景が見える","テーブル個室あり（2名～8名様用） テーブル個室あり（2名～8名様用） テーブル個室あり（8名～16名様用） テーブル個室あり（16名～30名様用） テーブル個室あり（30名～150名様用） ※個室の詳細はお店にお問い合わせください"
"全席個室隠れ家居酒屋 陣八‐JINPACHI‐ 梅田店","530-0001","大阪府大阪市北区梅田2-1-21 レイズ梅田ビル3F","050-5789-4653","","","","165席 座敷席あり 掘りごたつ席あり カップルシートあり","テーブル個室あり（16名～40名様用/扉・壁あり） テーブル個室あり（12名～20名様用/扉・壁あり） 掘りごたつ個室あり（8名～12名様用/扉・壁あり） テーブル個室あり（2名～4名様用/パーティション仕切り） テーブル個室あり（4名～6名様用/カーテン仕切り） ※個室の詳細はお店にお問い合わせください"
"全席個室情緒居酒屋 花蓮‐KAREN‐ 梅田店","530-0001","大阪府大阪市北区梅田2-1-21 レイズ梅田ビル3F","050-5789-4654","","","","165席 座敷席あり 掘りごたつ席あり 座椅子あり カウンター席あり カップルシートあり ソファー席あり","掘りごたつ個室あり（2名～8名様用/扉・壁あり） テーブル個室あり（2名～8名様用/扉・壁あり） 座敷個室あり（4名～16名様用/扉・壁あり） 掘りごたつ個室あり（8名～20名様用/扉・壁あり） 座敷個室あり（10名～50名様用/扉・壁あり） ※個室の詳細はお店にお問い合わせください"
"相撲料理 志可゛ 堂島店","530-0003","大阪府大阪市北区堂島1-5-17 堂島グランドビルB1","050-5797-8212","06-6202-7376","http://e-shiga.co.jp/","","120席 座敷席あり 掘りごたつ席あり","掘りごたつ個室あり（10名～60名様用） テーブル個室あり（10名～40名様用） ※個室の詳細はお店にお問い合わせください"
"北新地 鳥屋 堂島店","530-0003","大阪府大阪市北区堂島1-2-12 北新地角庄ビル1・2F","050-5522-5905","","http://kitashinchitoriya.com","","52席 座敷席あり","座敷個室あり（1室/30名様用） ※個室の詳細はお店にお問い合わせください"
"すきやき・しゃぶしゃぶ 壱","530-0003","大阪府大阪市北区堂島1-2-16 K&#039;sビルB1","06-6344-2929","","","","40席","テーブル個室あり（8名～12名様用） テーブル個室あり（2名～6名様用） テーブル半個室あり（6名～10名様用） テーブル半個室あり（2名～4名様用） ※個室の詳細はお店にお問い合わせください"
"しゃぶしゃぶ・焼肉 あじびる花心 本店","530-0027","大阪府大阪市北区堂山町10-2","06-6313-2771","","http://www.ajibil.com/","","329席 座敷席あり 掘りごたつ席あり","掘りごたつ個室あり（5名～8名様用） 掘りごたつ個室あり（9名～16名様用） 掘りごたつ個室あり（17名～30名様用） 掘りごたつ個室あり（31名～50名様用） 掘りごたつ個室あり（51名～100名様用） ※個室の詳細はお店にお問い合わせください"
"しゃぶしゃぶ・日本料理 桂 大阪マルビル店","530-0001","大阪府大阪市北区梅田1-9-20 大阪マルビル2F","050-5798-4333","","http://www.dynac-japan.com/","","130席 座敷席あり 掘りごたつ席あり","掘りごたつ個室あり（5室/2名～4名様用） 掘りごたつ個室あり（1室/6名～8名様用） 掘りごたつ個室あり（3室/9名～14名様用） 掘りごたつ個室あり（1室/15名～24名様用） 座敷個室あり（1室/25名～44名様用） ※個室の詳細はお店にお問い合わせください"
"しゃぶしゃぶ ダイニング 壱","530-0003","大阪府大阪市北区堂島1-3-40 スタック堂島ビルB1","050-5796-8243","","","","30席 掘りごたつ席あり カウンター席あり","テーブル個室あり（2名～4名様用） ※個室の詳細はお店にお問い合わせください"
"しゃぶしゃぶ 温野菜 お初天神店","530-0057","大阪府大阪市北区曽根崎2-10-15 曽根崎センタービル2F","050-5797-2151","","","","70席",""
"北新地 七宝","530-0003","大阪府大阪市北区堂島1-2-15 浜村サンプラザビル4F","050-5799-6207","","","","35席 掘りごたつ席あり カウンター席あり","掘りごたつ個室あり（4室/2名～6名様用/扉・壁あり） 掘りごたつ個室あり（1室/2名様用/扉・壁あり） テーブル個室あり（2室/2名～4名様用/扉・壁あり） ※個室の詳細はお店にお問い合わせください"
"泳ぎイカ 九州 うまか 梅田店","530-0017","大阪府大阪市北区角田町1-1 東阪急ビルB1","050-5798-1309","","","","160席 座敷席あり 掘りごたつ席あり 座椅子あり カップルシートあり ソファー席あり","掘りごたつ個室あり（2名～40名様用） テーブル個室あり（2名～50名様用） ※個室の詳細はお店にお問い合わせください"
"隠れ家個室&times;鍋バル 碧の竜宮 梅田駅前店","530-0001","大阪府大阪市北区梅田2-1-21 レイズウメダビル1F-B","050-5787-0203","","","","60席 ソファー席あり",""
"すきやきダイニング＆バル Ｈｉｒｏ 福島店","553-0003","大阪府大阪市福島区福島1-6-1","050-5796-3360","","","","35席 掘りごたつ席あり カウンター席あり","掘りごたつ個室あり（15名～22名様用） 掘りごたつ個室あり（2名～6名様用） 掘りごたつ個室あり（2名～4名様用） ※個室の詳細はお店にお問い合わせください"
"韓流料理 梅田 丸鶏屋","530-0012","大阪府大阪市北区芝田町1-8-1 DDハウスB1","050-5787-1469","","","","40席","テーブル個室あり（1室/8名様用/扉・壁あり） ※個室の詳細はお店にお問い合わせください"
"デコボコ 梅田 E－MA店","530-0001","大阪府大阪市北区梅田1-12-6 イーマ5F","050-5788-8061","","","","80席 掘りごたつ席あり",""
"IBERICO－YA 北新地店","530-0003","大阪府大阪市北区堂島1-3-3 北新地西辻1F","050-5786-8074","","","","31席",""
"和食 たちばな","530-0011","大阪府大阪市北区大深町4-20 グランフロント大阪南館7F","050-5786-1045","","http://www.tcbn.co.jp/","","102席","テーブル個室あり（4名～6名様用） テーブル個室あり（6名～12名様用） テーブル個室あり（12名～18名様用） テーブル個室あり（20名～28名様用） テーブル個室あり（28名～32名様用） ※個室の詳細はお店にお問い合わせください"
"熟成豚しゃぶしゃぶ 美の邸（Vino－tei） 梅田大阪駅前店","530-0001","大阪府大阪市北区梅田2-1-21 レイズウメダビル9F-A","050-5788-0600","","","","100席 座敷席あり 掘りごたつ席あり","テーブル個室あり（2名～30名様用） 掘りごたつ個室あり（2名～30名様用） テーブル個室あり（20名～30名様用） 掘りごたつ個室あり（20名～30名様用） ※個室の詳細はお店にお問い合わせください"
"タッカンマリ鍋 北新地 丸鶏屋","530-0004","大阪府大阪市北区堂島浜1-1-18 堂浜ビル1F奥","050-5786-2244","","","","40席 カウンター席あり ソファー席あり","テーブル個室あり（8名～12名様用） ※個室の詳細はお店にお問い合わせください"
"時の居酒屋 刻 梅田店","530-0018","大阪府大阪市北区小松原町1-7 ミスターりんビル4F","050-5798-9252","","","","124席 座敷席あり 掘りごたつ席あり","掘りごたつ個室あり（6室/2名～44名様用/カーテン仕切り） 座敷個室あり（1室/2名～44名様用/カーテン仕切り） テーブル個室あり（7室/2名～44名様用/扉・壁あり） ※個室の詳細はお店にお問い合わせください"
"梅田 燈花","530-0002","大阪府大阪市北区曽根崎新地2-5-28","050-5788-7161","","","","125席 座敷席あり 掘りごたつ席あり 座椅子あり ソファー席あり","テーブル個室あり（2名～40名様用） 掘りごたつ個室あり（2名～8名様用） 掘りごたつ個室あり（2名～10名様用） 掘りごたつ個室あり（2名～8名様用） テーブル個室あり（2名～22名様用） ※個室の詳細はお店にお問い合わせください"
"しゃぶしゃぶ食べ放題 しゃぶ茶屋 茶屋町店","530-0013","大阪府大阪市北区茶屋町2-16 イースクエア5F","050-5786-4419","","","","32席",""
"特選黒毛和牛 北新地 しゃぶ壱","530-0002","大阪府大阪市北区曽根崎新地1-1-16 クリスタルコートビル1F","050-5796-8241","","","","19席",""
"八女炭蘇鶏とイベリコ豚 ともじろう","553-0003","大阪府大阪市福島区福島6-3-8","050-5789-1747","","","","66席 座敷席あり","掘りごたつ個室あり（～4名様用） 掘りごたつ個室あり（～20名様用） 掘りごたつ個室あり（～15名様用） ※個室の詳細はお店にお問い合わせください"
"豚しゃぶ 佐くら ～ブリーゼブリーゼ～","530-0001","大阪府大阪市北区梅田2-4-9 ブリーゼブリーゼ5F","050-5789-8459","","http://www.breeze-breeze.jp/","","62席 掘りごたつ席あり","テーブル個室あり（6名～8名様用/扉・壁あり） テーブル個室あり（12名～14名様用/扉・壁あり） 掘りごたつ個室あり（16名～25名様用/扉・壁あり） ※個室の詳細はお店にお問い合わせください"
"『讃』","531-0075","大阪府大阪市北区大淀南2-1-14","050-5789-2946","","","","48席 掘りごたつ席あり","掘りごたつ半個室あり（4名～50名様用） ※個室の詳細はお店にお問い合わせください"
"韓国焼鳥バル TORIKUI 梅田東通り店","530-0027","大阪府大阪市北区堂山町4-12 白馬車ビル2F","050-5796-7689","","","","101席 座敷席あり 掘りごたつ席あり カウンター席あり カップルシートあり","テーブル個室あり（2名様用） テーブル個室あり（3名～4名様用/カーテン仕切り） 掘りごたつ個室あり（7名～16名様用/扉・壁あり） 掘りごたつ個室あり（40名～60名様用） ※個室の詳細はお店にお問い合わせください"
"黒毛和牛のもつ鍋 いちえ 北新地 本店","530-0002","大阪府大阪市北区曽根崎新地1-3-33","050-5798-3938","","","","30席 座敷席あり カウンター席あり カップルシートあり","座敷個室あり（2名～6名様用/扉・壁あり） 座敷個室あり（6名～12名様用/扉・壁あり） ※個室の詳細はお店にお問い合わせください"
"和食居酒屋 なかの家 ルクア大阪店","530-0001","大阪府大阪市北区梅田3-1-3 ルクア大阪10F","050-5797-0672","","http://nakanoya-lucua.com/index.html","","78席 夜景が見える",""
"柚庵 ～yuan～ 梅田店","530-0027","大阪府大阪市北区堂山町16-12 堂山東ビル1F","050-5785-9847","","","","150席 掘りごたつ席あり","掘りごたつ個室あり（10室/2名～4名様用/扉・壁あり） 掘りごたつ個室あり（10室/4名～6名様用/扉・壁あり） 掘りごたつ個室あり（10室/6名～10名様用/扉・壁あり） 掘りごたつ個室あり（10室/12名～30名様用/扉・壁あり） 掘りごたつ個室あり（10室/30名～100名様用/扉・壁あり） ※個室の詳細はお店にお問い合わせください"
"個室ダイニング まごころ 梅田本店","530-0027","大阪府大阪市北区堂山町4-12 白馬車ビル10F","06-6362-0550","","","","160席 座敷席あり 掘りごたつ席あり カップルシートあり","座敷個室あり（30名～80名様用/扉・壁あり） 掘りごたつ個室あり（10名～30名様用/扉・壁あり） 掘りごたつ個室あり（4名～10名様用/扉・壁あり） テーブル個室あり（2名～4名様用/扉・壁あり） テーブル個室あり（2名～20名様用/扉・壁あり） ※個室の詳細はお店にお問い合わせください"
"日本料理 大坂ばさら","530-0011","大阪府大阪市北区大深町4-20 グランフロント大阪 南館8F","050-5788-7136","","","","47席 掘りごたつ席あり カウンター席あり","掘りごたつ個室あり（1室/2名～8名様用/扉・壁あり） ※個室の詳細はお店にお問い合わせください"
"個室ダイニング 和ごころ 梅田店","530-0027","大阪府大阪市北区堂山町7-7 角庄ビル8F","06-6311-0111","","","","120席 座敷席あり 掘りごたつ席あり カップルシートあり 夜景が見える","掘りごたつ個室あり（50名～100名様用/扉・壁あり） 掘りごたつ個室あり（30名～50名様用/扉・壁あり） 掘りごたつ個室あり（10名～30名様用/扉・壁あり） 掘りごたつ個室あり（4名～10名様用/扉・壁あり） 掘りごたつ個室あり（2名～4名様用/扉・壁あり） ※個室の詳細はお店にお問い合わせください"
"チャイナダイニング レンゲ","530-0003","大阪府大阪市北区堂島1-5-40 森田ビル2F","050-5789-4904","","","","47席 カウンター席あり ソファー席あり","テーブル個室あり（12名様用） テーブル個室あり（6名様用） テーブル個室あり（6名様用/扉・壁あり） テーブル個室あり（14名様用/パーティション仕切り） ※個室の詳細はお店にお問い合わせください"
"旬彩dining 源家","530-0057","大阪府大阪市北区曽根崎2-14-21 1～3F","050-5522-5238","","","","78席 カウンター席あり ソファー席あり","テーブル半個室あり（4名～6名様用） テーブル半個室あり（4名～6名様用） テーブル半個室あり（4名～6名様用） テーブル個室あり（20名～50名様用） テーブル半個室あり（2名～4名様用） ※個室の詳細はお店にお問い合わせください"
"しゃぶしゃぶ 日本料理 木曽路 北新地店","530-0002","大阪府大阪市北区曽根崎新地1-3-26 ぐらん･ぱれ 2～3F","050-5798-6175","","http://www.kisoji.co.jp/","","154席 座敷席あり 掘りごたつ席あり 座椅子あり","掘りごたつ個室あり（2名～20名様用） 座敷個室あり（2名～60名様用） テーブル個室あり（2名～10名様用） ※個室の詳細はお店にお問い合わせください"
"個室和食居酒屋 なかの家 北新地店","530-0002","大阪府大阪市北区曽根崎新地1-4-10 銀泉桜橋ビルB1","050-5797-6866","","http://www.nakano-ya.net/","","100席 座敷席あり 掘りごたつ席あり","テーブル個室あり（6名～20名様用） 掘りごたつ個室あり（2名～15名様用） ※個室の詳細はお店にお問い合わせください"
"割烹そば 神田 茶屋町本店","530-0013","大阪府大阪市北区茶屋町8-26 NU茶屋町プラス3F","050-5798-0922","","http://www.soba-kanda.jp/","","86席 掘りごたつ席あり ソファー席あり テラス・屋外席あり 円卓あり 夜景が見える","掘りごたつ個室あり（2名～6名様用） 掘りごたつ個室あり（2名～4名様用） テーブル個室あり（2名～5名様用） テーブル個室あり（2名～8名様用） ※個室の詳細はお店にお問い合わせください"
"ソウルトゥソウル","530-0027","大阪府大阪市北区堂山町4-15 弁天ビル2F","050-5785-1258","","","","80席 座敷席あり 掘りごたつ席あり 座椅子あり カウンター席あり カップルシートあり","掘りごたつ個室あり（2名～4名様用） 掘りごたつ個室あり（4名～8名様用） 掘りごたつ個室あり（8名～20名様用） テーブル個室あり（6名～12名様用） テーブル個室あり（12名～28名様用） ※個室の詳細はお店にお問い合わせください"
"和食としゃぶしゃぶ わだ家 大阪お初天神店","530-0057","大阪府大阪市北区曽根崎2-8-9 八幸ビル1F","050-5797-2825","","http://www.wada-ya.com/","","66席 座敷席あり 掘りごたつ席あり カウンター席あり カップルシートあり","掘りごたつ個室あり（2室/2名～14名様用/扉・壁あり） ※個室の詳細はお店にお問い合わせください"
"豚しゃぶ 英","530-0002","大阪府大阪市北区曽根崎新地1-6-1 ENISHI北新地ビル5F","050-5798-2026","","","","28席","テーブル半個室あり（2名～12名様用） テーブル半個室あり（2名～8名様用） テーブル半個室あり（2名～6名様用） テーブル半個室あり（2名～4名様用） テーブル半個室あり（1名～2名様用） ※個室の詳細はお店にお問い合わせください"
"とりひめ オリエンタルリミックス茶屋町店","530-0013","大阪府大阪市北区茶屋町2-25","050-5522-3957","","","","240席 座敷席あり 掘りごたつ席あり カウンター席あり カップルシートあり ソファー席あり テラス・屋外席あり 夜景が見える","テーブル個室あり（1室/2名～6名様用） 掘りごたつ個室あり（12名～20名様用） 掘りごたつ個室あり（35名～60名様用） テーブル個室あり（4名～20名様用） 掘りごたつ個室あり（8名～10名様用） ※個室の詳細はお店にお問い合わせください"
"わいわい酒家 楽 ヨドバシ梅田店","530-0011","大阪府大阪市北区大深町1-1 ヨドバシ梅田ビル8F","050-5789-8454","06-6100-2721","http://www.d-diner.net/","info@d-diner.net","66席 掘りごたつ席あり 夜景が見える",""
"Restaurant KANSHA 梅田","530-0002","大阪府大阪市北区曽根崎新地1-6-12 碇ビル6F","06-6346-3923","","http://washoku-kansha.com","","40席","テーブル個室あり（1室/6名～14名様用/扉・壁あり） ※個室の詳細はお店にお問い合わせください"
"どん亭 北新地店","530-0004","大阪府大阪市北区堂島浜1-1-8","050-5787-7567","","","","115席 掘りごたつ席あり","掘りごたつ個室あり（4室/48名様用） ※個室の詳細はお店にお問い合わせください"
"まだん 阪急東通り店","530-0027","大阪府大阪市北区堂山町5-3 堂山タウンビル1～3F","050-5799-4410","","http://www.landmarkco.jp/","","120席 座敷席あり 掘りごたつ席あり カウンター席あり ソファー席あり","掘りごたつ個室あり（2名～55名様用） 座敷個室あり（20名～22名様用） ※個室の詳細はお店にお問い合わせください"
"鶏匠 IPPO イーマ梅田店","530-0001","大阪府大阪市北区梅田1-12-6 E-MA6F","050-5789-7010","","","","110席 カウンター席あり ソファー席あり","テーブル個室あり（1室/5名～12名様用/扉・壁あり） テーブル個室あり（1室/2名様用/扉・壁あり） テーブル個室あり（1室/5名～10名様用/扉・壁あり） ※個室の詳細はお店にお問い合わせください"
"花様 ka－you 北新地 近江自家栽培ファーム直営店","530-0002","大阪府大阪市北区曽根崎新地1-5-23 吉紹ビル1F","06-6344-2998","050-3666-7075 06-6445-8787","http://shigaichiba.com/","info@shigaichiba.com","70席 カウンター席あり ソファー席あり","テーブル個室あり（2名～4名様用） テーブル個室あり（4名～8名様用） テーブル個室あり（8名～14名様用） テーブル個室あり（14名～20名様用） テーブル個室あり（20名～70名様用） ※個室の詳細はお店にお問い合わせください"
"博多もつ鍋 おおやま 梅田・茶屋町店","530-0012","大阪府大阪市北区芝田1-8-1 D．D．HOUSE B1","050-5798-0202","","","","70席 掘りごたつ席あり","掘りごたつ個室あり（2名～40名様用） ※個室の詳細はお店にお問い合わせください"
"花様 ka－you NU茶屋町 近江自家栽培ファーム直営店","530-0013","大阪府大阪市北区茶屋町10-12 NU茶屋町B1","06-6225-7083","050-3666-7075 06-6445-8787","http://shigaichiba.com/","info@shigaichiba.com","90席","テーブル個室あり（2名～4名様用） テーブル個室あり（4名～8名様用） テーブル個室あり（8名～12名様用） テーブル個室あり（12名～20名様用） テーブル個室あり（20名～90名様用） ※個室の詳細はお店にお問い合わせください"
"北新地 和バル ～WABAR～","530-0003","大阪府大阪市北区堂島1-5-7 堂島グランドビル1F","050-5788-3735","","http://www.fds-wabar.com/","","56席 座敷席あり 掘りごたつ席あり","テーブル個室あり（2名～20名様用） 座敷半個室あり（10名～30名様用） ※個室の詳細はお店にお問い合わせください"
"花様 ka－you 阪急梅田 近江自家栽培ファーム直営店","530-0012","大阪府大阪市北区芝田1-7-2 阪急かっぱ横丁2F","06-6377-6880","050-3666-7075 06-6445-8787","http://shigaichiba.com/","info@shigaichiba.com","60席 ソファー席あり","テーブル個室あり（2名～4名様用） テーブル個室あり（4名～6名様用） テーブル個室あり（6名～12名様用/パーティション仕切り） テーブル個室あり（12名～20名様用/パーティション仕切り） テーブル個室あり（40名～60名様用） ※個室の詳細はお店にお問い合わせください"
"地鶏ごちそう処 とりひめ お初天神店","530-0057","大阪府大阪市北区曽根崎2-13-18","050-5513-9102","","","","110席 座敷席あり 掘りごたつ席あり カウンター席あり","掘りごたつ個室あり（1室/8名～12名様用/扉・壁あり） 掘りごたつ個室あり（1室/20名～34名様用） テーブル個室あり（2室/25名～40名様用） ※個室の詳細はお店にお問い合わせください"
"花殿 ka－den 梅田茶屋町 近江牛一頭買い牧場直送店","530-0012","大阪府大阪市北区芝田1-7-2 阪急かっぱ横丁2F","06-6374-8780","","","","60席 座敷席あり 掘りごたつ席あり カップルシートあり 円卓あり","テーブル個室あり（2名～4名様用/扉・壁あり） テーブル個室あり（4名～6名様用/扉・壁あり） テーブル個室あり（6名～10名様用/パーティション仕切り） 掘りごたつ個室あり（6名～10名様用/パーティション仕切り） 掘りごたつ個室あり（15名～22名様用/パーティション仕切り） ※個室の詳細はお店にお問い合わせください"
"黒毛和牛肉匠 いちえ 永楽町店","530-0002","大阪府大阪市北区曽根崎新地1-9-9 谷安ロワビル1F","050-5798-3937","","","","32席 カウンター席あり カップルシートあり","掘りごたつ個室あり（15名～20名様用/扉・壁あり） ※個室の詳細はお店にお問い合わせください"
"花様 ka－you 東梅田 近江自家栽培ファーム直営店","530-0051","大阪府大阪市北区太融寺町5-15 梅田イーストビル2F","06-6362-8010","050-3666-7075 06-6445-8787","http://shigaichiba.com/","info@shigaichiba.com","50席 座敷席あり 掘りごたつ席あり カウンター席あり","掘りごたつ個室あり（2名～4名様用） 掘りごたつ個室あり（4名～8名様用） 掘りごたつ個室あり（8名～12名様用） 座敷個室あり（12名～18名様用） 座敷個室あり（12名～20名様用） ※個室の詳細はお店にお問い合わせください"
"備長炭牛串焼 酒蔵 縁","553-0003","大阪府大阪市福島区福島5-6-13","050-5786-0759","","","","40席 座敷席あり","座敷個室あり（1室/4名～6名様用） 座敷個室あり（1室/3名～4名様用） ※個室の詳細はお店にお問い合わせください"
"ハイカジ Korean Kitchen まだん お初天神店","530-0057","大阪府大阪市北区曽根崎2-8-7 コーストスタジョーネ2F","050-5797-0690","","http://www.landmarkco.jp/","","78席 座敷席あり 掘りごたつ席あり","掘りごたつ個室あり（4名～8名様用） テーブル個室あり（4名～30名様用） テーブル個室あり（8名様用） 掘りごたつ個室あり（15名～20名様用） ※個室の詳細はお店にお問い合わせください"
"korean cafe dining dammi 梅田店","530-0012","大阪府大阪市北区芝田1-1-3 阪急三番街北館B2","050-5796-3448","","http://www.dammi.jp/","","150席 カップルシートあり ソファー席あり","テーブル個室あり（1室/6名様用/カーテン仕切り） ※個室の詳細はお店にお問い合わせください"
"個室焼肉 龍の巣梅田 ハナレ","530-0027","大阪府大阪市北区堂山町2-16 五孝ビル2F","050-5787-9310","","","","40席","テーブル個室あり（4室/2名様用） テーブル個室あり（1室/6名～8名様用） テーブル個室あり（2室/3名～4名様用） ※個室の詳細はお店にお問い合わせください"
"九州 熱中屋 野田阪神 LIVE","553-0007","大阪府大阪市福島区大開1-20-7","050-5786-4630","","","","80席 座敷席あり カウンター席あり",""
"黒毛和牛肉彩 嬉野","530-0056","大阪府大阪市北区兎我野町11-14","050-5789-4974","","","","35席 カップルシートあり ソファー席あり","テーブル個室あり（1室/6名～35名様用） ※個室の詳細はお店にお問い合わせください"
"しゃぶしゃぶ 花の響き 梅田お初天神店","530-0057","大阪府大阪市北区曽根崎2-5-30 ポンヌーボービル7F","050-5787-6084","","","","70席",""
"しゃぶ扇 HEPナビオ店","530-0017","大阪府大阪市北区角田町7-10 HEPナビオ7F","050-5797-1064","","","","30席",""
"個室居酒屋 若の台所 ～こだわり野菜～ HEPナビオ店","530-0017","大阪府大阪市北区角田町7-10 HEPナビオ6F","050-5785-9839","","","","150席 座敷席あり 掘りごたつ席あり カップルシートあり","掘りごたつ個室あり（5室/2名～6名様用/扉・壁あり） 掘りごたつ個室あり（5室/8名～12名様用/扉・壁あり） 掘りごたつ個室あり（3室/15名～20名様用/扉・壁あり） 掘りごたつ個室あり（2室/25名～50名様用/扉・壁あり） 掘りごたつ個室あり（1室/55名～80名様用/扉・壁あり） ※個室の詳細はお店にお問い合わせください"
"花様 ka－you 西梅田 近江自家栽培ファーム直営店","530-0003","大阪府大阪市北区堂島2-1-18 堂島NSビル1F","06-6344-1761","050-3666-7075 06-6445-8787","http://shigaichiba.com/index.html","info@shigaichiba.com","40席 カウンター席あり","テーブル個室あり（1室/4名～8名様用） テーブル個室あり（1室/8名～12名様用） テーブル個室あり（1室/12名～16名様用） テーブル個室あり（1室/20名～40名様用） ※個室の詳細はお店にお問い合わせください"
"縁鳥 ルクア大阪店","530-0001","大阪府大阪市北区梅田3-1-3 ルクア大阪10F","050-5788-0563","","http://www.dynac-japan.com/","","46席 カウンター席あり",""
"中国火鍋専門店 小肥羊 大阪本店","530-0017","大阪府大阪市北区角田町8-47 阪急グランドビル29Ｆ","050-5786-0411","","","","104席 ソファー席あり 夜景が見える","テーブル個室あり（1室/10名様用/扉・壁あり） ※個室の詳細はお店にお問い合わせください"
"餃子鍋 A－chan（あーちゃん）北新地","530-0002","大阪府大阪市北区曽根崎新地1-2-1 2F","050-5799-6418","","","","38席 座敷席あり 掘りごたつ席あり","掘りごたつ個室あり（1室/～6名様用/扉・壁あり） 掘りごたつ個室あり（1室/2名～20名様用/パーティション仕切り） 座敷個室あり（1室/～12名様用/扉・壁あり） ※個室の詳細はお店にお問い合わせください"
"ごきげん えびす 梅田阪急東通り店","530-0027","大阪府大阪市北区堂山町4-17 固城ビル4・5F","050-5786-1750","","","","103席","テーブル個室あり（1室/4名様用/カーテン仕切り） 掘りごたつ個室あり（1室/55名～80名様用/パーティション仕切り） 掘りごたつ個室あり（1室/4名～30名様用/パーティション仕切り） ※個室の詳細はお店にお問い合わせください"
"もつ鍋 花の小町 梅田店","530-0018","大阪府大阪市北区小松原町1-27 エビスビル8F","050-5787-6087","","","","55席 カップルシートあり 夜景が見える","テーブル個室あり（4室/2名～12名様用/パーティション仕切り） ※個室の詳細はお店にお問い合わせください"
"もつ鍋 花の響き 梅田お初天神店","530-0057","大阪府大阪市北区曽根崎2-5-30 ポンヌーボービル7F","050-5787-6085","","","","70席",""
"あじびる 花心 梅田店","530-0027","大阪府大阪市北区堂山町5-8","06-6311-3601","","http://www.ajibil.com/","","100席 座敷席あり 掘りごたつ席あり","座敷個室あり（4名～6名様用） 座敷個室あり（7名～15名様用） 座敷個室あり（14名～16名様用） 座敷個室あり（17名～30名様用） 座敷個室あり（31名～50名様用） ※個室の詳細はお店にお問い合わせください"
"あらえびす","530-0002","大阪府大阪市北区曽根崎新地1-3-37 2・3F","06-6348-5518","","","","55席 座敷席あり 掘りごたつ席あり 座椅子あり カウンター席あり","テーブル個室あり（1室/8名～10名様用/カーテン仕切り） ※個室の詳細はお店にお問い合わせください"
"もつ鍋 えいちゃん 梅田お初天神店","530-0057","大阪府大阪市北区曽根崎2-11-22 高橋ビル 2F","050-5787-6083","","","","36席",""
"宮崎県日向市　塚田農場 梅田阪急東通り店","530-0027","大阪府大阪市北区堂山町4-12 白馬車ビルpartI 7F","050-5799-3513","","http://www.tsukadanojo.jp/shop/0056/","","167席 座敷席あり 掘りごたつ席あり ソファー席あり",""
"鉄板焼鳥 くちばし","530-0002","大阪府大阪市北区曽根崎新地1-6-28 第2三貴ビル1F","050-5789-8276","","","","45席 カウンター席あり ソファー席あり","テーブル個室あり（1室/扉・壁あり） ※個室の詳細はお店にお問い合わせください"
"福島バル 牡蠣小屋かなで","553-0003","大阪府大阪市福島区福島5-8-14 吉紹ビル3F","050-5797-3008","","","","80席","テーブル個室あり（2名～30名様用） ※個室の詳細はお店にお問い合わせください"
"漁師炉端 曽根崎 磯元","530-0057","大阪府大阪市北区曽根崎1-7-15 曽根崎ムーンビル1F","06-6361-4137","","","","90席 座敷席あり","座敷個室あり（10名～30名様用） ※個室の詳細はお店にお問い合わせください"
"蔵元個室 薩摩ごかもん 梅田茶屋町本店","530-0012","大阪府大阪市北区芝田1-8-1 D.D.HOUSE 1F(お伽噺WEST)","050-5798-4557","","","","131席 座敷席あり 掘りごたつ席あり カウンター席あり","掘りごたつ個室あり（8名～60名様用） テーブル個室あり（8名～24名様用） テーブル個室あり（4名～5名様用） 掘りごたつ個室あり（4名～38名様用） 座敷個室あり（10名～20名様用） ※個室の詳細はお店にお問い合わせください"
"新世界 もつ鍋屋直営 梅田店","530-0057","大阪府大阪市北区曽根崎2-10-31 梅田オレンジビル2F","050-5522-5888","06-6652-6622","http://www.shin-sekai.jp","","48席 座敷席あり",""
"地鶏料理 とり藤 福島店","553-0003","大阪府大阪市福島区福島6-1-26 OK一番街","050-5789-6448","","","","80席 座敷席あり 掘りごたつ席あり","テーブル個室あり（4名～40名様用/パーティション仕切り） 座敷個室あり（4名～8名様用/扉・壁あり） 掘りごたつ個室あり（4名～8名様用/パーティション仕切り） ※個室の詳細はお店にお問い合わせください"
"野乃鳥 梅味堂","530-0015","大阪府大阪市北区中崎西3-3-15 JR高架下34","050-5786-7585","","","","100席 座敷席あり 座椅子あり カウンター席あり テラス・屋外席あり","座敷個室あり（8名～12名様用） 座敷個室あり（20名～26名様用） ※個室の詳細はお店にお問い合わせください"
"大阪 日本料理 河久 梅田店","530-0001","大阪府大阪市北区梅田1-1-3300 大阪駅前第3ビル33F","050-5798-0985","","http://www.kawakyu.net","","230席 座敷席あり 掘りごたつ席あり 夜景が見える","掘りごたつ個室あり（30名～36名様用） 掘りごたつ個室あり（12名～16名様用） 掘りごたつ個室あり（8名～12名様用） 掘りごたつ個室あり（40名～48名様用） 掘りごたつ個室あり（5名～8名様用） ※個室の詳細はお店にお問い合わせください"
"割烹 会席料理 松ヶ枝","553-0005","大阪府大阪市福島区野田3-6-9","050-5797-5080","","","","230席 座敷席あり 掘りごたつ席あり 座椅子あり カウンター席あり","座敷個室あり（3名～20名様用/扉・壁あり） 座敷個室あり（20名～40名様用/扉・壁あり） 座敷個室あり（40名～90名様用/扉・壁あり） テーブル個室あり（3名～60名様用/扉・壁あり） 掘りごたつ個室あり（2名～4名様用/扉・壁あり） ※個室の詳細はお店にお問い合わせください"
"焼肉・しゃぶしゃぶ たちばな ヒルトンプラザ イースト店","530-0001","大阪府大阪市北区梅田1-8-16 ヒルトンプラザB2","050-5798-6836","","","","82席","掘りごたつ個室あり（12名～28名様用） 掘りごたつ個室あり（6名～11名様用） 掘りごたつ個室あり（2名～6名様用） ※個室の詳細はお店にお問い合わせください"
"龍の巣 梅田店","530-0027","大阪府大阪市北区堂山町2-16 五孝ビル1・2F","050-5798-0439","","http://www.ryu-nosu.co.jp","","60席 カウンター席あり",""
"博多もつ鍋 おおやま 大阪駅店","530-0001","大阪府大阪市北区梅田3-1-3 LUCUA1100 10F","050-5786-3999","","","","130席",""
"鶏と野菜居酒屋 かしわ家 福島","553-0003","大阪府大阪市福島区福島5-8-12 丸市ビル2F","050-5787-0523","","","","52席 座敷席あり 掘りごたつ席あり テラス・屋外席あり 夜景が見える","掘りごたつ個室あり（1室/7名～10名様用/扉・壁あり） 掘りごたつ個室あり（1室/24名～28名様用/扉・壁あり） テーブル個室あり（1室/10名～17名様用/扉・壁あり） ※個室の詳細はお店にお問い合わせください"
"本みやけ","530-0012","大阪府大阪市北区芝田1-1-3 阪急三番街南館B2","06-6371-5322","","","","16席",""
"国産もつ鍋・但馬鶏鍋 ムゥタン","530-0002","大阪府大阪市北区曽根崎新地1-1-30 ぼたんビル4F","06-6344-2506","","http://www.mudan.jp","","42席 座敷席あり 掘りごたつ席あり","掘りごたつ個室あり（2名～4名様用） 掘りごたつ個室あり（4名～6名様用） 掘りごたつ個室あり（10名～14名様用） ※個室の詳細はお店にお問い合わせください"
"豚美 福島店","553-0003","大阪府大阪市福島区福島5-14-8","06-6455-8014","","","","80席 座敷席あり","掘りごたつ個室あり（1室/20名～35名様用） ※個室の詳細はお店にお問い合わせください"
"しゃぶしゃぶ・すき焼き食べ放題 但馬屋 ヨドバシ梅田店","530-0011","大阪府大阪市北区大深町1-1 ヨドバシ梅田ビル8F","050-5789-8455","06-6100-2721","http://www.d-diner.net/","info@d-diner.net","45席",""
"相撲茶屋 寺尾 大阪店","530-0001","大阪府大阪市北区梅田2-4-6","050-5799-5531","","http://www.sumouchaya-terao.com/","","42席 座敷席あり","掘りごたつ個室あり（5名～10名様用） ※個室の詳細はお店にお問い合わせください"
"しゃぶ扇 野田阪神店","553-0001","大阪府大阪市福島区海老江1-1-23 ウイステ4F","050-5797-1069","","","","90席 座敷席あり 掘りごたつ席あり カウンター席あり ソファー席あり",""
"海鮮居酒屋 時の雫 北新地店","530-0004","大阪府大阪市北区堂島浜1-3-16 ナカニシビル2F","050-5798-4534","","http://www.hanshin-shokuhin.co.jp/","","140席 座敷席あり 掘りごたつ席あり","掘りごたつ個室あり（2室/40名～60名様用/扉・壁あり） 掘りごたつ個室あり（5室/20名～40名様用/扉・壁あり） 掘りごたつ個室あり（8室/2名～4名様用/扉・壁あり） 掘りごたつ個室あり（7室/6名～8名様用/扉・壁あり） 掘りごたつ個室あり（8室/10名～20名様用/扉・壁あり） ※個室の詳細はお店にお問い合わせください"
"カニとフグの専門店 福島 かにふぐ家","553-0003","大阪府大阪市福島区福島7-21-7","050-5785-8621","","","","120席 掘りごたつ席あり","掘りごたつ個室あり（5室/4名～50名様用/扉・壁あり） ※個室の詳細はお店にお問い合わせください"
"知慕里","530-0051","大阪府大阪市北区太融寺町7-2","06-6313-4495","","","","188席 掘りごたつ席あり","テーブル個室あり（13名～24名様用） 掘りごたつ個室あり（25名～56名様用） 掘りごたつ個室あり（2名～4名様用） 掘りごたつ個室あり（5名～8名様用） 掘りごたつ個室あり（9名～12名様用） ※個室の詳細はお店にお問い合わせください"
"中村屋","530-0027","大阪府大阪市北区堂山町5-3 堂山タウンビルB1","050-5799-1198","","http://www.landmarkco.jp/","","40席 カウンター席あり",""
"水たき いろは 梅田店","531-0072","大阪府大阪市北区豊崎2-4-24","050-5797-6339","","","","42席","テーブル個室あり（4名～6名様用） テーブル個室あり（8名～12名様用） ※個室の詳細はお店にお問い合わせください"
"個室和食 旬和席 うおまん E－ma梅田店","530-0001","大阪府大阪市北区梅田1-12-6 イーマ5F","050-5799-4948","","http://uoman-group.com/","","120席 掘りごたつ席あり","掘りごたつ個室あり（40名様用） 掘りごたつ個室あり（20名～24名様用/扉・壁あり） 掘りごたつ個室あり（3名～8名様用） 掘りごたつ個室あり（9名～14名様用/扉・壁あり） テーブル個室あり（4名～6名様用） ※個室の詳細はお店にお問い合わせください"
"ごま厨","553-0003","大阪府大阪市福島区福島3-11-26","050-5789-2112","06-6147-8555","http://www.gomachu.net/","","48席 座敷席あり 掘りごたつ席あり","掘りごたつ個室あり（6名～30名様用） 掘りごたつ個室あり（8名～12名様用） テーブル個室あり（4名様用～） 掘りごたつ個室あり（4名～22名様用） ※個室の詳細はお店にお問い合わせください"
"北新地本通り チャイニーズ 響香","530-0002","大阪府大阪市北区曽根崎新地1-1-41 アストリアジロービル1F","06-4256-8668","","","","30席 ソファー席あり",""
"串焼屋 うなちった","530-0057","大阪府大阪市北区曽根崎2-10-19 河合ビルB1","050-5798-5347","","","","50席 座敷席あり カウンター席あり","座敷個室あり（12名～30名様用） テーブル個室あり（4名～8名様用） ※個室の詳細はお店にお問い合わせください"
"熊本 馬源","530-0027","大阪府大阪市北区堂山町15-17 ACTⅢ2F","050-5522-5239","","","","28席 カウンター席あり ソファー席あり","テーブル個室あり（4名～6名様用/パーティション仕切り） テーブル個室あり（2名～10名様用/パーティション仕切り） テーブル個室あり（2名～4名様用/パーティション仕切り） ※個室の詳細はお店にお問い合わせください"
"老舗しゃぶしゃぶ専門店しゃぶ亭 西梅田店","530-0001","大阪府大阪市北区梅田2-1-15","050-5785-9079","","","","55席 カウンター席あり",""
"しゃぶしゃぶ 花の小町 梅田店","530-0018","大阪府大阪市北区小松原町1-27 エビスビル8F","050-5787-6086","","","","55席",""
"しゃぶ菜 阪急三番街","530-0012","大阪府大阪市北区芝田1-1-3 阪急三番街北館B2","06-6377-8282","","http://www.create-restaurants.co.jp/","","74席",""
"遊食酒家 る主水 福島店","553-0003","大阪府大阪市福島区福島6-4-10 ウエストビル1F","050-5522-4024","","http://www.lemonde-jp.com","","76席 座敷席あり 掘りごたつ席あり カウンター席あり ソファー席あり 円卓あり","テーブル個室あり（8名～10名様用） テーブル個室あり（2名～4名様用） 掘りごたつ個室あり（4名～10名様用） 掘りごたつ個室あり（20名～35名様用） テーブル個室あり（3名～6名様用） ※個室の詳細はお店にお問い合わせください"
"shave ice cafe","531-0025","大阪府大阪市北区大淀南1-2-17","050-5788-3883","","","","70席",""
"お座敷個室の宴会場鳥よし茶屋 梅田お初天神店","530-0057","大阪府大阪市北区曽根崎2-1-9","050-5798-1435","","http://www.toricha.com/","","250席 座敷席あり 掘りごたつ席あり 座椅子あり カウンター席あり カップルシートあり","掘りごたつ個室あり（2名～25名様用/扉・壁あり） 座敷個室あり（2名～120名様用/扉・壁あり） テーブル個室あり（2名～32名様用/扉・壁あり） テーブル個室あり（3名～12名様用/扉・壁あり） ※個室の詳細はお店にお問い合わせください"
"炉ばた焼 網衆","530-0015","大阪府大阪市北区中崎西2-2-6","050-5797-7903","","http://www.rikimaru-group.com/","","43席 座敷席あり 掘りごたつ席あり","掘りごたつ個室あり（4名様用～） 掘りごたつ個室あり（6名様用～） 掘りごたつ個室あり（8名様用～） ※個室の詳細はお店にお問い合わせください"
"焼肉・すき焼き 純 梅田本店","530-0017","大阪府大阪市北区角田町7-10 HEPナビオ7F","050-5787-8938","","","","66席 掘りごたつ席あり カウンター席あり","テーブル個室あり（1室/8名様用/扉・壁あり） 掘りごたつ個室あり（1室/26名様用/扉・壁あり） テーブル個室あり（1室/5名～8名様用） ※個室の詳細はお店にお問い合わせください"
"個室 和食 京ほのか 梅田店","530-0018","大阪府大阪市北区小松原町1-10 梅田パルビル5F","050-5798-0771","","","","150席 掘りごたつ席あり 夜景が見える","掘りごたつ個室あり（6室/2名～4名様用） 掘りごたつ個室あり（4室/6名～10名様用） 掘りごたつ個室あり（4室/10名～20名様用） 掘りごたつ個室あり（4室/20名～30名様用） 掘りごたつ個室あり（1室/50名～100名様用） ※個室の詳細はお店にお問い合わせください"
"王道居酒屋 のりを 東梅田店","530-0018","大阪府大阪市北区小松原町1-26 寿楽ビル9F","050-5797-0227","","","","108席","掘りごたつ個室あり（1室/35名様用） ※個室の詳細はお店にお問い合わせください"
"OSAKA OSAKE DINING スクナビコナ","530-0057","大阪府大阪市北区曽根崎2-7-2 梅新会館2F","050-5788-6849","","http://www.sukunabikona.jp/","","21席 ソファー席あり","テーブル個室あり（1室/15名～21名様用） ※個室の詳細はお店にお問い合わせください"
"ふぐ良 独歩 福島店","531-0075","大阪府大阪市北区大淀南2-7-4 1F","050-5789-0930","","http://www.fuguyoshi.com/","info@fuguyoshi.com","36席 掘りごたつ席あり 座椅子あり カウンター席あり","掘りごたつ個室あり（4名様用/カーテン仕切り） 掘りごたつ個室あり（6名様用/カーテン仕切り） 掘りごたつ個室あり（8名様用/カーテン仕切り） 掘りごたつ個室あり（10名様用/カーテン仕切り） 掘りごたつ個室あり（10名～28名様用/カーテン仕切り） ※個室の詳細はお店にお問い合わせください"
"桜肉料理 馬春楼","530-0002","大阪府大阪市北区堂島1-3-34","050-5798-2483","","","","60席 座敷席あり 掘りごたつ席あり 座椅子あり カウンター席あり","掘りごたつ個室あり（4室/2名～20名様用/扉・壁あり） 座敷個室あり（3室/2名～30名様用/扉・壁あり） テーブル個室あり（2名～6名様用/カーテン仕切り） ※個室の詳細はお店にお問い合わせください"
"土佐料理 司 梅田茶屋町店","530-0013","大阪府大阪市北区茶屋町19-19 アプローズタワーB1","050-5786-1595","","http://www.kazuoh.com/","","114席","テーブル個室あり（2名～4名様用） テーブル個室あり（20名～32名様用） テーブル個室あり（4名～6名様用） テーブル個室あり（5名～8名様用） テーブル個室あり（8名～24名様用） ※個室の詳細はお店にお問い合わせください"
"北新地 空海 SORAUMI","530-0002","大阪府大阪市北区曽根崎新地1-7-27 KOTOYAビル2F","050-5788-6424","","","","24席 掘りごたつ席あり カウンター席あり",""
"圓石別館","530-0002","大阪府大阪市北区曽根崎新地1-5-21 松木興産ビル8F","06-4798-0080","","","","28席 カップルシートあり 夜景が見える","テーブル個室あり（5室/2名～20名様用/扉・壁あり） テーブル個室あり（1室/2名様用/パーティション仕切り） ※個室の詳細はお店にお問い合わせください"
"宮崎県日向市　塚田農場 梅田お初天神通り店","530-0057","大阪府大阪市北区曽根崎2-8-13 B1","050-5799-3516","","http://www.tsukadanojo.jp/shop/0058/","","100席 座敷席あり 掘りごたつ席あり カウンター席あり",""
"個室 和食居酒屋 ゆずの庭 梅田店","530-0018","大阪府大阪市北区小松原町1-10 梅田パルビル6F","050-5798-0772","","","","190席 座敷席あり 掘りごたつ席あり カップルシートあり 夜景が見える","掘りごたつ個室あり（2名～160名様用） ※個室の詳細はお店にお問い合わせください"
"阪急うめだ本店 地鶏づくし 吹上舎","530-8350","大阪府大阪市北区角田町8-7 阪急うめだ本店12F","050-5796-3184","","","","32席","テーブル個室あり（10名～18名様用） ※個室の詳細はお店にお問い合わせください"
"個室 和食 梅田丸岸","530-0001","大阪府大阪市北区梅田1-1-3 大阪駅前第3ビルB2-70","050-5798-1985","","","","92席 掘りごたつ席あり カウンター席あり","掘りごたつ個室あり（6名～16名様用） 掘りごたつ個室あり（6名～24名様用） 掘りごたつ個室あり（6名～40名様用） テーブル個室あり（10名～14名様用） テーブル個室あり（3名～16名様用） ※個室の詳細はお店にお問い合わせください"
"北海道料理 弁天別館","530-0027","大阪府大阪市北区堂山町6-9","06-6361-5155","","","","410席 座敷席あり 掘りごたつ席あり 座椅子あり カウンター席あり","掘りごたつ個室あり（10室/2名～8名様用/扉・壁あり） 座敷個室あり（8室/8名～40名様用/扉・壁あり） テーブル個室あり（2室/16名～40名様用/カーテン仕切り） 座敷個室あり（2室/20名～80名様用/扉・壁あり） ※個室の詳細はお店にお問い合わせください"
"近江軍鶏と近江牛 酉文 阪急グランドビル店","530-0017","大阪府大阪市北区角田町8-47 阪急グランドビル28F","050-5798-2374","","","","35席 カウンター席あり","テーブル個室あり（4名～12名様用） テーブル個室あり（25名～35名様用） ※個室の詳細はお店にお問い合わせください"
"板前酒場 味き多","530-0027","大阪府大阪市北区堂山町15-17 梅田アクト3（スリー） 2F","050-5798-4651","","","","50席 座敷席あり 掘りごたつ席あり カウンター席あり","掘りごたつ個室あり（4名～22名様用/扉・壁あり） テーブル個室あり（30名～150名様用/扉・壁あり） ※個室の詳細はお店にお問い合わせください"
"ブドウヤ&times;マンゲイラ","530-0012","大阪府大阪市北区芝田1-7-2 阪急かっぱ横丁1F","050-5789-5013","","","","60席 カウンター席あり",""
"新世界 串カツ いっとく 大阪駅前第三ビル店","530-0001","大阪府大阪市北区梅田1-1-3","050-5785-0793","06-6920-6088","http://www.to-kosan.com/","info@to-kosan.com","80席 掘りごたつ席あり カウンター席あり","掘りごたつ個室あり（12名様用） ※個室の詳細はお店にお問い合わせください"
"鉄板焼鳥ニワ 北新地店","530-0003","大阪府大阪市北区堂島1-5-7 堂島グランドビル南側別館2F","06-6348-4128","","http://niwa4128.com/","","56席 掘りごたつ席あり カウンター席あり","掘りごたつ個室あり（2名～4名様用） 掘りごたつ個室あり（6名～12名様用） 掘りごたつ個室あり（6名～24名様用） 掘りごたつ個室あり（20名～40名様用） ※個室の詳細はお店にお問い合わせください"
"本気炭火焼き鳥料理 壱屋 福島店","553-0003","大阪府大阪市福島区福島7-11-52","050-5798-0719","","","","43席 カウンター席あり ソファー席あり","テーブル個室あり（2名～16名様用） ※個室の詳細はお店にお問い合わせください"
"麦とろ自然生物語","530-0001","大阪府大阪市北区梅田3-1-1 大阪ステーションシティサウスゲートビルディング16F","050-5785-4348","","","","50席",""
"うたげどころ うぉっしゅ","530-0002","大阪府大阪市北区曽根崎新地2-3-13 若杉大阪駅前ビルB1","050-5785-9217","","","","76席 カウンター席あり","テーブル個室あり（1室/～12名様用/扉・壁あり） ※個室の詳細はお店にお問い合わせください"
"元祖鉄板鍋 きのした 西梅田","530-0003","大阪府大阪市北区堂島2-2-33-B1","050-5799-0597","","","","36席 座敷席あり","座敷個室あり（7名～9名様用/パーティション仕切り） ※個室の詳細はお店にお問い合わせください"
"博多華味鳥 北新地店","530-0002","大阪府大阪市北区曽根崎新地2-3-21 axビル10F","050-5798-2156","092-641-1278 092-632-2370","http://www.hanamidori.net/","","164席","掘りごたつ個室あり（8名様用～） テーブル個室あり（10名様用～） テーブル個室あり（8名様用～） ※個室の詳細はお店にお問い合わせください"
"カニと海鮮 Dining 琴引","530-0017","大阪府大阪市北区角田町8-47 阪急グランドビル28F","050-5799-1684","","http://www.dining-kotobiki.com/","","32席 夜景が見える","テーブル個室あり（5名～8名様用） ※個室の詳細はお店にお問い合わせください"
"博多水たき料亭 博多華味鳥 梅田店","530-0001","大阪府大阪市北区梅田1-8-16 ヒルトンプラザイーストB2","050-5798-2160","092-641-1278 092-632-2370","http://www.hanamidori.net/","","52席",""
"厳選野菜と豚しゃぶ食べ放題 黄金屋 梅田店","530-0001","大阪府大阪市北区梅田1-1-3 大阪駅前第3ビル33F","050-5787-8780","","","","260席","テーブル個室あり（2名～6名様用） ※個室の詳細はお店にお問い合わせください"
"foods grill 焼栄","530-0001","大阪府大阪市北区梅田2-4-43 浪漫倶楽部ビル2F","050-5797-1657","","","","30席 座椅子あり カウンター席あり ソファー席あり","テーブル個室あり（1室/15名～20名様用/パーティション仕切り） ※個室の詳細はお店にお問い合わせください"
"食べ放題専門学校 居酒屋 6年4組 北新地分校","530-0002","大阪府大阪市北区曽根崎新地1-8-19 梅新ビル4F","050-5798-8804","","http://www.6nen4kumi.com/","","130席 座敷席あり 掘りごたつ席あり","掘りごたつ個室あり（2名～40名様用） テーブル個室あり（2名～60名様用） 座敷個室あり（2名～30名様用） ※個室の詳細はお店にお問い合わせください"
"天然ふぐ料理 堂島幸鶴","530-0004","大阪府大阪市北区堂島浜1-4-4 アクア堂島フォンターナ1F","050-5799-0816","","","","68席 座敷席あり 掘りごたつ席あり カウンター席あり 円卓あり","掘りごたつ個室あり（2名～12名様用） 座敷個室あり（2名～6名様用） テーブル個室あり（4名～6名様用） ※個室の詳細はお店にお問い合わせください"
"中津からあげと博多串焼き 九州屋台 寅男 茶屋町店","530-0013","大阪府大阪市北区茶屋町4-13 茶屋町KビルB1","050-5797-4378","","","","74席",""
"しゃぶしゃぶ温野菜 阪急東通店","530-0027","大阪府大阪市北区堂山町2-11 MKビートルビル3F","050-5797-2152","","","","56席 掘りごたつ席あり","テーブル半個室あり（2名～6名様用） 掘りごたつ半個室あり（4名～12名様用） 掘りごたつ半個室あり（18名様用～） 掘りごたつ半個室あり（30名様用～） ※個室の詳細はお店にお問い合わせください"
"日本料理 八幸","530-0057","大阪府大阪市北区曽根崎2-8-9 八幸ビル3～4F","050-5797-7497","","","","370席 座敷席あり 掘りごたつ席あり 座椅子あり","座敷個室あり（2名～120名様用） 掘りごたつ個室あり（2名～10名様用） テーブル個室あり（2名～32名様用） 座敷個室あり（14名～24名様用） 掘りごたつ個室あり（6名～14名様用） ※個室の詳細はお店にお問い合わせください"
"有馬 日本料理 しゃぶしゃぶ 鉄板焼","530-0012","大阪府大阪市北区芝田1-1-4 阪急ターミナルビル17F","050-5798-5727","","http://www.hankyu-hotel.com/hotel/osakashh/restaurant/205/index.html","","63席 掘りごたつ席あり カウンター席あり 夜景が見える","掘りごたつ個室あり（4名～10名様用/扉・壁あり） ※個室の詳細はお店にお問い合わせください"
"博多女","530-0003","大阪府大阪市北区堂島1-1-24 GOTS5 1F","050-5786-1444","","","","44席","座敷個室あり（1室/8名～12名様用/扉・壁あり） ※個室の詳細はお店にお問い合わせください"
"新世界 串かつ いっとく 阪急梅田東通店","530-0027","大阪府大阪市北区堂山町3-12 ステージスカラブビルB1","050-5789-7358","06-6920-6088","http://www.to-kosan.com/","info@to-kosan.com","66席","掘りごたつ個室あり（1室/25名様用） テーブル個室あり（1室/6名様用） ※個室の詳細はお店にお問い合わせください"
"九州屋台 寅男 お初天神店","530-0057","大阪府大阪市北区曽根崎2-7-13","050-5786-7255","","","","170席",""
"沖縄料理しーさ 茶屋町店","530-0013","大阪府大阪市北区茶屋町19-19 アプローズタワーB1","050-5789-0308","","","","50席 掘りごたつ席あり カウンター席あり","掘りごたつ個室あり（3室/3名～6名様用/カーテン仕切り） 掘りごたつ個室あり（1室/15名～20名様用/パーティション仕切り） ※個室の詳細はお店にお問い合わせください"
"北新地 Amuchan","530-0002","大阪府大阪市北区曽根崎新地1-9-4 中邦ビルB1","050-5786-4824","","","","30席","座敷個室あり（2室/2名～15名様用/カーテン仕切り） ※個室の詳細はお店にお問い合わせください"
"居魚菜家 おくまん 福島本店","553-0003","大阪府大阪市福島区福島7-14-16","050-5798-2865","","","","56席 掘りごたつ席あり カウンター席あり","掘りごたつ個室あり（～6名様用） ※個室の詳細はお店にお問い合わせください"
"鶏屋 東方見聞録 阪急梅田","530-0012","大阪府大阪市北区芝田1-4-8 北阪急ビルB1","050-5788-8690","","http://sankofoods.com/","","290席 座敷席あり 掘りごたつ席あり カウンター席あり","テーブル個室あり（2名～6名様用） 掘りごたつ個室あり（12名～20名様用/扉・壁あり） 掘りごたつ個室あり（16名～50名様用/扉・壁あり） ※個室の詳細はお店にお問い合わせください"
"九州沖縄三昧 ナンクルナイサ きばいやんせ～","530-0001","大阪府大阪市北区梅田1-8-16 ヒルトンプラザイーストB2","050-5796-2610","","","","97席 座敷席あり 掘りごたつ席あり カウンター席あり","掘りごたつ個室あり（15名～20名様用） 掘りごたつ個室あり（20名～30名様用） ※個室の詳細はお店にお問い合わせください"
"北新地 かじ","530-0003","大阪府大阪市北区堂島1-4-4 NJビルB1","050-5786-6886","","","","50席 カウンター席あり ソファー席あり","テーブル個室あり（1室/4名～10名様用/扉・壁あり） ※個室の詳細はお店にお問い合わせください"
"北新地 黒毛和牛焼肉 蔵人","530-0003","大阪府大阪市北区堂島1-4-23 北新地吉本ビル6F","050-5786-1324","","http://kuroudo.favy.jp/","","30席 座敷席あり 掘りごたつ席あり","掘りごたつ個室あり（1室/4名～11名様用/扉・壁あり） ※個室の詳細はお店にお問い合わせください"
"うまいもん居酒屋 もつ金 お初天神店","530-0057","大阪府大阪市北区曽根崎2-11-23","050-5797-6063","","","","150席 掘りごたつ席あり","テーブル半個室あり（2名～6名様用） ※個室の詳細はお店にお問い合わせください"
"季楽酒場 おっきゃがり","553-0003","大阪府大阪市福島区福島7-2-5","050-5799-5176","","","","80席 カウンター席あり","座敷個室あり（4室/2名～6名様用/パーティション仕切り） ※個室の詳細はお店にお問い合わせください"
"KICHIRI 茶屋町阪急駅前店","530-0013","大阪府大阪市北区茶屋町2-16 e-square chayamachi4F","050-5796-0775","","http://www.kichiri.com/","","240席 座敷席あり 掘りごたつ席あり カウンター席あり","掘りごたつ個室あり（1名～4名様用/扉・壁あり） 掘りごたつ個室あり（1名～10名様用/扉・壁あり） 座敷個室あり（1名～12名様用/扉・壁あり） 座敷個室あり（1名～30名様用/扉・壁あり） 座敷個室あり（1名～80名様用） ※個室の詳細はお店にお問い合わせください"
"日本料理 水面","530-0005","大阪府大阪市北区中之島6-2-39 中之島プラザ12F","050-5799-6940","06-6449-6735","http://www.nakanoshima-plaza.jp/restaurant/minamo.html","","122席 座敷席あり 座椅子あり 夜景が見える","座敷個室あり（5室/8名～48名様用） ※個室の詳細はお店にお問い合わせください"
"旬菜とお酒 あんばい ハービスPLAZA店","530-0001","大阪府大阪市北区梅田2-5-25 ハービスPLAZAB2","050-5796-9380","","","","96席 掘りごたつ席あり","掘りごたつ個室あり（～42名様用） 掘りごたつ個室あり（～14名様用） 掘りごたつ個室あり（～28名様用） テーブル個室あり（～8名様用） テーブル個室あり（～6名様用） ※個室の詳細はお店にお問い合わせください"
"備長串屋 わたる 西梅田店","530-0002","大阪府大阪市北区曽根崎新地2-5-32","050-5789-9410","","http://wsfoodservice.com/index.html","","85席 座敷席あり 掘りごたつ席あり","座敷個室あり（2室/6名～10名様用） ※個室の詳細はお店にお問い合わせください"
"懐処 多呼おどり 福島店","553-0003","大阪府大阪市福島区福島6-1-26 OK一番街1F","050-5786-1827","","","","38席",""
"農薬不使用野菜・こだわり素材の和食 達屋 阪急梅田店","530-0012","大阪府大阪市北区芝田1-6-13","050-5785-8888","","http://www.tazya.jp/","","30席",""
"料理酒房しょうち 梅田店","530-0051","大阪府大阪市北区太融寺町8-10 梅田高速ビルB1","06-6362-7677","","","","60席 座敷席あり 掘りごたつ席あり","掘りごたつ個室あり（2名～20名様用） 座敷個室あり（2名～16名様用） テーブル個室あり（3名～9名様用） 座敷個室あり（2名～4名様用） 座敷個室あり（2名～38名様用） ※個室の詳細はお店にお問い合わせください"
"しょうち 北新地店","530-0003","大阪府大阪市北区堂島1-5-38 宝寿北新地ビル2～3F","06-6346-3556","","","","70席 座敷席あり 座椅子あり","座敷個室あり（6名～10名様用） テーブル個室あり（6名～10名様用） ※個室の詳細はお店にお問い合わせください"
"串かつ場ぁ 聖天堂 福島店","553-0003","大阪府大阪市福島区福島8-19-19","050-5518-7070","","","","36席 掘りごたつ席あり カウンター席あり","掘りごたつ個室あり（16名～25名様用/扉・壁あり） ※個室の詳細はお店にお問い合わせください"
"うまうま","553-0003","大阪府大阪市福島区福島6-13-7","050-5787-2139","","","","49席 座敷席あり","座敷個室あり（1室/20名様用） ※個室の詳細はお店にお問い合わせください"
"水たき料亭 博多華味鳥 梅田西館","530-0001","大阪府大阪市北区梅田2-2-2 ヒルトンプラザウエスト5F","050-5796-8142","092-641-1278 092-632-2370","http://hanamidori.net/","","68席","テーブル個室あり（1室/4名～6名様用/扉・壁あり） ※個室の詳細はお店にお問い合わせください"
"北海しゃぶしゃぶ 梅田店","530-0056","大阪府大阪市北区兎我野町3-22 椿ビル1F","050-5799-6271","","","","58席 掘りごたつ席あり","掘りごたつ個室あり（4室/4名～20名様用/パーティション仕切り） ※個室の詳細はお店にお問い合わせください"
"甘太郎 阪急梅田店","530-0012","大阪府大阪市北区芝田1-7-2 阪急かっぱ横丁1F","050-5798-3323","","http://www.amataro.jp/","","208席 座敷席あり 掘りごたつ席あり カウンター席あり カップルシートあり ソファー席あり","掘りごたつ個室あり（8名～32名様用/扉・壁あり） テーブル個室あり（2名～8名様用/カーテン仕切り） ※個室の詳細はお店にお問い合わせください"
"炭火焼鳥 権兵衛 茶屋町店","530-0013","大阪府大阪市北区茶屋町15-8","050-5788-5408","","http://www.gonbei.co.jp/","","67席","座敷個室あり（1室/25名～28名様用） テーブル個室あり（2室/6名～10名様用） ※個室の詳細はお店にお問い合わせください"
"スエヒロ 本店","530-0002","大阪府大阪市北区曽根崎新地1-11-11","050-5788-2758","","","","120席 座敷席あり 掘りごたつ席あり 座椅子あり","掘りごたつ個室あり（2名～10名様用） 座敷個室あり（8名～40名様用） テーブル個室あり（12名～30名様用） ※個室の詳細はお店にお問い合わせください"
"炭火焼 炉暖 野田店","553-0005","大阪府大阪市福島区野田3-12-22 三和ビル1F","050-5789-8470","","","","32席",""
"四季自然喰処たちばな ヒルトンプラザ イースト店","530-0001","大阪府大阪市北区梅田1-8-16 ヒルトンプラザB2","050-5786-1037","","http://www.tcbn.co.jp","","250席 座敷席あり 掘りごたつ席あり","掘りごたつ個室あり（2名～6名様用） 掘りごたつ個室あり（6名～12名様用） 掘りごたつ個室あり（12名～20名様用） 座敷個室あり（20名～30名様用） 座敷個室あり（30名～40名様用） ※個室の詳細はお店にお問い合わせください"
"旬魚割烹 隼人 北新地","530-0002","大阪府大阪市北区曽根崎新地1-1-7","050-5786-1648","","","","22席 掘りごたつ席あり カウンター席あり","掘りごたつ個室あり（7名～10名様用/扉・壁あり） 掘りごたつ個室あり（4名様用/カーテン仕切り） 掘りごたつ個室あり（1室/6名様用） ※個室の詳細はお店にお問い合わせください"
"麺匠の心つくし つるとんたん 北新地店","530-0002","大阪府大阪市北区曽根崎新地1-1-19","050-5785-7397","","","","66席",""
"梅田 まぐろバル マグシェ","530-0003","大阪府大阪市北区堂島1-3-17 スリーエイトビル2F","050-5797-8590","","","","24席","テーブル個室あり（1室/14名～24名様用） ※個室の詳細はお店にお問い合わせください"
"地鶏焼 鶏天神 梅田店","530-0057","大阪府大阪市北区曽根崎2-7-2 梅新会館3F","050-5786-1696","","","","45席 座椅子あり カウンター席あり カップルシートあり","テーブル個室あり（3室/2名～30名様用/カーテン仕切り） ※個室の詳細はお店にお問い合わせください"
"車 梅田HEP通店","530-0017","大阪府大阪市北区角田町6-9","050-5798-0735","","","","98席 掘りごたつ席あり","掘りごたつ個室あり（7名～10名様用） ※個室の詳細はお店にお問い合わせください"
"海鮮・地どり 志な乃亭 野田阪神店","553-0007","大阪府大阪市福島区大開1-14-19","050-5799-2816","06-6991-1794","http://www.shinanotei.jp","info@shinanotei.jp","148席 座敷席あり 掘りごたつ席あり カウンター席あり カップルシートあり 夜景が見える","掘りごたつ個室あり（16名～20名様用） 掘りごたつ個室あり（10名～12名様用） 掘りごたつ個室あり（35名～42名様用） 掘りごたつ個室あり（55名～70名様用） テーブル個室あり（2名様用） ※個室の詳細はお店にお問い合わせください"
"地酒 旬の料理 居酒屋 おかだ 梅田本店","530-0003","大阪府大阪市北区堂島2-2-35","050-5788-4131","","http://www.izakaya-okada-osaka.com/","","37席 座敷席あり カウンター席あり","座敷個室あり（10名～20名様用） ※個室の詳細はお店にお問い合わせください"
"串焼屋 サカトリーナ","530-0027","大阪府大阪市北区堂山町8-21 石本ビル1F","050-5798-5348","","","","32席 カウンター席あり","テーブル個室あり（6名～8名様用） テーブル個室あり（4名～6名様用） ※個室の詳細はお店にお問い合わせください"
"魚民 阪急梅田茶屋町口駅前店","530-0013","大阪府大阪市北区茶屋町3-2 チロル茶屋町ビル6・7F","06-6375-8388","","http://www.monteroza.co.jp/","","138席 座敷席あり 掘りごたつ席あり","掘りごたつ個室あり（～14名様用） ※個室の詳細はお店にお問い合わせください"
"鶏家 六角鶏 野田阪神店","552-0007","大阪府大阪市福島区大開1-15-30","050-5786-5274","","","","36席 カウンター席あり",""
"炭火焼鳥専門店 播鳥 北新地本店","530-0002","大阪府大阪市北区曽根崎新地1-2-26","050-5797-9156","","http://www.banchou.co.jp/","","64席 掘りごたつ席あり",""
"和膳和酒 油屋","531-0071","大阪府大阪市北区中津3-5-5","050-5787-6189","","","","70席 座敷席あり カウンター席あり","座敷個室あり（1室/30名～50名様用） ※個室の詳細はお店にお問い合わせください"
"天串と海鮮の店 はれ天","553-0003","大阪府大阪市福島区福島2-4-6","050-5785-5276","","","","38席 掘りごたつ席あり カウンター席あり","掘りごたつ個室あり（2名～4名様用） ※個室の詳細はお店にお問い合わせください"
"貸切宴会場 本陣 お初天神店","530-0057","大阪府大阪市北区曽根崎2-10-18","06-6312-3751","","","","300席 座敷席あり 掘りごたつ席あり カウンター席あり カップルシートあり ソファー席あり 円卓あり","座敷個室あり（4名～35名様用/扉・壁あり） 座敷個室あり（4名～50名様用/扉・壁あり） 座敷個室あり（2名～100名様用） 掘りごたつ個室あり（15名～30名様用/パーティション仕切り） テーブル個室あり（10名～16名様用/扉・壁あり） ※個室の詳細はお店にお問い合わせください"
"山内農場 福島駅前店","553-0003","大阪府大阪市福島区福島5-14-12 プラザ2 2F","06-6454-5988","","http://www.monteroza.co.jp/","","78席",""
"魚のすすめ","553-0003","大阪府大阪市福島区福島1-4-4 セントラル70 1F","06-6451-6668","","","","40席 座敷席あり 掘りごたつ席あり","掘りごたつ個室あり（2名～4名様用） ※個室の詳細はお店にお問い合わせください"
"新世界もつ鍋屋直営 福島店","553-0003","大阪府大阪市福島区福島1-7-10","050-5522-5890","06-6652-6622","http://www.shin-sekai.jp","","70席 座敷席あり",""
"Korean Kitchen Bar WONGA","530-0057","大阪府大阪市北区曽根崎2-11-19 サンプラザ曽根崎2 3F","050-5787-9072","","","","22席 カウンター席あり",""
"北新地 へちもんや","530-0002","大阪府大阪市北区曽根崎新地1-5-21 松木興産ビル2F","050-5788-3127","","","","40席 掘りごたつ席あり カウンター席あり ソファー席あり","掘りごたつ個室あり（1室/6名～12名様用/扉・壁あり） ※個室の詳細はお店にお問い合わせください"
"神戸吉兆 リーガロイヤルホテル店","530-0005","大阪府大阪市北区中之島5-3-68 リーガロイヤルホテル内B1","06-6448-3168","","","","100席","テーブル個室あり（8名～10名様用） テーブル個室あり（12名～16名様用） テーブル個室あり（15名～20名様用） テーブル個室あり（2名～6名様用） ※個室の詳細はお店にお問い合わせください"
"きんくら酒場 金の蔵 茶屋町店","530-0013","大阪府大阪市北区茶屋町2-16 イースクエア茶屋町4F(旧百叉ビル)","050-5788-8691","","http://sankofoods.com/","","194席 座敷席あり 掘りごたつ席あり","テーブル個室あり（2名～6名様用） ※個室の詳細はお店にお問い合わせください"
"すみび焼肉 Da－Wa","553-0003","大阪府大阪市福島区福島7-22-17 BRAVI福島1F","050-5798-0920","","http://www.da-wa.com/","info@da-wa.com","40席 カウンター席あり","テーブル個室あり（4名～10名様用） ※個室の詳細はお店にお問い合わせください"
"鉄板串ト酒 串イッカ","553-0003","大阪府大阪市福島区福島7-13-7 福島北館ビル1F","050-5788-7781","","","","30席 カウンター席あり",""
"しちろう","530-0003","大阪府大阪市北区堂島1-4-2 ビールディング北新地5F","050-5786-2811","","","","22席 掘りごたつ席あり カウンター席あり","テーブル個室あり（1室/2名～4名様用/扉・壁あり） 掘りごたつ個室あり（2室/2名～6名様用/扉・壁あり） 掘りごたつ個室あり（1室/6名～11名様用/扉・壁あり） ※個室の詳細はお店にお問い合わせください"
"魚彩 和","530-0056","大阪府大阪市北区兎我野町12-15 丸一ホテル1F","050-5785-6993","","","","34席",""
"ぶためし 山ぶた","530-0001","大阪府大阪市北区梅田1-1-3 B2","050-5789-0727","","","","32席 座敷席あり 掘りごたつ席あり カウンター席あり","掘りごたつ個室あり（1室/14名様用/カーテン仕切り） ※個室の詳細はお店にお問い合わせください"
"鉄人の店","530-0057","大阪府大阪市北区曽根崎2-8-12 サンプラザ曽根崎1～3F","050-5787-0960","","http://tetsujinnomise.jp/","","113席 座敷席あり 掘りごたつ席あり","テーブル個室あり（6名～8名様用） 掘りごたつ個室あり（6名～8名様用） 掘りごたつ半個室あり（24名～32名様用） ※個室の詳細はお店にお問い合わせください"
"居楽屋白木屋 中津駅前店","531-0072","大阪府大阪市北区豊崎5-7-9 リップル豊崎ビル1F","06-6375-8488","","http://www.monteroza.co.jp/","","67席",""
"韓国料理 冷麺館 北新地店","530-0002","大阪府大阪市北区曽根崎新地1-5-4 岩伸スプレットビル2F","050-5522-5608","","http://kita-reimenkan.com/","","34席 座敷席あり 掘りごたつ席あり 座椅子あり","掘りごたつ個室あり（2名～11名様用） ※個室の詳細はお店にお問い合わせください"
"隠れ家個室ダイニング 梅田Beer&rsquo;s倶楽部","553-0003","大阪府大阪市福島区福島7-11-51","050-5787-3812","","","","25席 カウンター席あり ソファー席あり","テーブル個室あり（5名～10名様用/扉・壁あり） ※個室の詳細はお店にお問い合わせください"
"居楽屋白木屋 阪急梅田茶屋町口駅前店","530-0013","大阪府大阪市北区茶屋町3-2 チロル茶屋町ビル5F","06-6374-5688","","http://www.monteroza.co.jp/","","73席",""
"季節料理 北新地 竹","530-0003","大阪府大阪市北区堂島1-3-39 第2二葉ビル1F","050-5798-0453","","http://kitashinchi-take.jp/","","40席 掘りごたつ席あり カウンター席あり","掘りごたつ個室あり（5室/2名～20名様用/扉・壁あり） ※個室の詳細はお店にお問い合わせください"
"海船直送鮮魚 恒雅 北新地","530-0002","大阪府大阪市北区曽根崎新地1-5-32 ボネールビル2F","050-5797-2273","","","","30席 掘りごたつ席あり カウンター席あり カップルシートあり 夜景が見える","掘りごたつ個室あり（30名様用/扉・壁あり） ※個室の詳細はお店にお問い合わせください"
"北新地本通り つるとんたん 琴しょう楼","530-0002","大阪府大阪市北区曽根崎新地1-4-20 桜橋IMビルB2","050-5785-7398","","","","112席",""
"蒸し料理専門店 mus 梅田","531-0072","大阪府大阪市北区豊崎3-10-2 I＆F梅田1F","06-6377-6363","","http://www.mus-osaka.jp/index.html","","46席 カウンター席あり",""
"居楽屋白木屋 JR野田駅前店","553-0005","大阪府大阪市福島区野田3-12-21 西川産業第一ビル2・3F","06-6468-3488","","http://www.monteroza.co.jp/","","129席","掘りごたつ個室あり（～12名様用） ※個室の詳細はお店にお問い合わせください"
"かっぽうぎ 梅田センタービル店","530-0015","大阪府大阪市北区中崎西町2-4-12 梅田センタービルB1","050-5789-0532","","http://www.kappougi.jp/","","90席",""
"晴れあいな","553-0006","大阪府大阪市福島区吉野3-1-41","06-6462-5962","","","","37席 座敷席あり 掘りごたつ席あり カウンター席あり","掘りごたつ個室あり（2名～4名様用） 掘りごたつ個室あり（15名～23名様用） ※個室の詳細はお店にお問い合わせください"
"酒と肴 SAI","530-0057","大阪府大阪市北区曽根崎新地1-11-9 京屋ビルB1","050-5785-1943","","","","13席 カウンター席あり",""
"生姜料理 福島 ぬくり","553-0003","大阪府大阪市福島区福島7-7-9","050-5789-8141","","","","26席 カウンター席あり",""
"心たけ","530-0047","大阪府大阪市北区西天満4-11-4","06-6311-3737","","","","100席","テーブル個室あり（2名～20名様用） 掘りごたつ個室あり（2名～10名様用） ※個室の詳細はお店にお問い合わせください"
"北新地 うえはら","530-0003","大阪府大阪市北区堂島1-3-20","050-5798-0989","","http://www.63448899.net/index.html","","20席 座敷席あり 掘りごたつ席あり カウンター席あり","掘りごたつ個室あり（2名～10名様用） 掘りごたつ個室あり（2名～5名様用） ※個室の詳細はお店にお問い合わせください"
"圓石 本店","530-0003","大阪府大阪市北区堂島1-2-2","050-5786-4518","","","","75席 円卓あり","テーブル個室あり（1室/4名～27名様用/扉・壁あり） テーブル個室あり（1室/6名～18名様用/扉・壁あり） テーブル個室あり（1室/4名～10名様用/扉・壁あり） テーブル個室あり（5室/2名～4名様用/扉・壁あり） ※個室の詳細はお店にお問い合わせください"
"山内農場 北新地駅前店","530-0002","大阪府大阪市北区曽根崎新地1-8-19 梅新ビル5F","06-6348-9288","","http://www.monteroza.co.jp/","","115席","掘りごたつ個室あり（10名様用～） ※個室の詳細はお店にお問い合わせください"
"minimum Terrace","530-0003","大阪府大阪市北区堂島1-1-20 パールプラザビル2F","050-5798-4055","","","","60席 テラス・屋外席あり","テーブル個室あり（1室/20名様用/パーティション仕切り） テーブル個室あり（1室/10名様用/扉・壁あり） ※個室の詳細はお店にお問い合わせください"
"個室和食 酒房うおまん ヨドバシ梅田店","530-0011","大阪府大阪市北区大深町1-1 ヨドバシウメダ8Ｆ","050-5787-7093","","","","110席 座敷席あり 掘りごたつ席あり","テーブル個室あり（4名～14名様用） 掘りごたつ個室あり（4名～24名様用） テーブル個室あり（4名～8名様用） ※個室の詳細はお店にお問い合わせください"
"ＴＥＴＳＵ","530-0027","大阪府大阪市北区堂山町4-14","050-5785-1260","","","","34席",""
"焼鳥と焼野菜 ぎんすけ 中津店","531-0071","大阪府大阪市北区中津1-14-10","050-5785-7574","","","","52席 座敷席あり 掘りごたつ席あり カウンター席あり","テーブル個室あり（1室/6名様用） ※個室の詳細はお店にお問い合わせください"
"北新地 海櫻","530-0003","大阪府大阪市北区堂島1-4-20 第2ロイヤルビルディング1F","06-6344-3831","","http://www.lacima.co.jp/kaioh/","","20席 カウンター席あり","テーブル個室あり（2名～4名様用） テーブル個室あり（4名～6名様用） テーブル個室あり（8名～12名様用） ※個室の詳細はお店にお問い合わせください"
"亀多寿司 本店","530-0057","大阪府大阪市北区曽根崎2-5-25 亀多ビル1～3F","050-5796-2023","","http://www.kita-sushi.net/","","98席",""
"茶屋町 食べ飲み放題 横丁","530-0013","大阪府大阪市北区茶屋町2-16 イースクエア5F","050-5785-2583","","","","500席 座敷席あり カウンター席あり カップルシートあり",""
"旬菜酒肴 天麩羅 田田","530-0003","大阪府大阪市北区堂島1-4-8 広ビル1F-1","050-5786-6137","","","","30席 カウンター席あり","テーブル個室あり（4名～10名様用） テーブル個室あり（2名～4名様用） テーブル個室あり（4名～8名様用） ※個室の詳細はお店にお問い合わせください"
"シダックス 梅田茶屋町クラブ","530-0013","大阪府大阪市北区茶屋町2-16 イースクエア茶屋町2F","050-5785-8189","","http://www.shidax.co.jp/sc/index.html","","527席",""
"炉端 美酒食堂 炉とマタギ 西梅田","530-0003","大阪府大阪市北区堂島3-4-1","050-5797-3698","","","","44席","座敷個室あり（1室/10名～12名様用） テーブル個室あり（2室/6名～10名様用/扉・壁あり） テーブル個室あり（4名～6名様用） ※個室の詳細はお店にお問い合わせください"
"四季彩","531-6023","大阪府大阪市北区大淀中1-1 梅田スカイビルB1","050-5787-2989","","","","78席 カウンター席あり","テーブル個室あり（3室/5名～6名様用/扉・壁あり） テーブル個室あり（1室/7名～12名様用/扉・壁あり） テーブル個室あり（1室/13名～24名様用/扉・壁あり） ※個室の詳細はお店にお問い合わせください"
"季節料理 四季彩粋 堂島店","530-0003","大阪府大阪市北区堂島2-1-40 新堂島ビルB1","050-5798-6075","","","","50席 座敷席あり 掘りごたつ席あり","座敷個室あり（6名～7名様用） 座敷個室あり（8名～10名様用） ※個室の詳細はお店にお問い合わせください"
"Eeek－a souk イーカスーク","553-0003","大阪府大阪市福島区福島7-8-7","050-5785-5224","","","","14席",""
"喰人 －EAT MAN－ 梅田本店","530-0012","大阪府大阪市北区芝田1-5-21","050-5513-9952","","","","135席 掘りごたつ席あり","テーブル個室あり（2名～16名様用） テーブル個室あり（15名～25名様用） テーブル個室あり（20名～25名様用） ※個室の詳細はお店にお問い合わせください"
"牛たん焼き 仙台辺見","530-0001","大阪府大阪市北区梅田2-5-25 ハービスPLAZA B2","06-6343-7104","","","","52席 座敷席あり",""
"紙なべ蘆月","530-0002","大阪府大阪市北区曽根崎新地1-7-10 ロゲツビル1F","06-6341-6351","","","","100席 座敷席あり 掘りごたつ席あり 座椅子あり","掘りごたつ個室あり（2名～11名様用） 座敷個室あり（2名～50名様用） テーブル個室あり（4名～20名様用） ※個室の詳細はお店にお問い合わせください"
"玄品ふぐ 梅田東通の関","530-0027","大阪府大阪市北区堂山町4-17","06-6311-0129","","http://www.tettiri.com/","","102席 座敷席あり",""
"鶏皮鶏飯","530-0027","大阪府大阪市北区堂山町5-18","06-6365-5806","","","","58席","テーブル個室あり（12名～20名様用） ※個室の詳細はお店にお問い合わせください"
"美々卯 阪神店","530-0001","大阪府大阪市北区梅田1-13-13 阪神百貨店10F","06-6345-6648","","http://www.mimiu.co.jp/","","92席","テーブル個室あり（8名～36名様用/扉・壁あり） ※個室の詳細はお店にお問い合わせください"
"美々卯 梅田ルクア店","530-0001","大阪府大阪市北区梅田3-1-3 ルクアイーレ10F","050-5788-4831","","http://www.mimiu.co.jp/","","64席","テーブル半個室あり（5名～8名様用） ※個室の詳細はお店にお問い合わせください"
"暁 神山店","530-0026","大阪府大阪市北区神山町15-8","050-5789-9420","","","","40席 座敷席あり",""
"モリタ屋 ルクア イーレ店","530-0001","大阪府大阪市北区梅田3-1-3 ルクアイーレ10F","050-5799-6473","","http://www.moritaya-net.com/","m-qfm@mbox.kyoto-inet.or.jp","54席 座敷席あり 掘りごたつ席あり","掘りごたつ個室あり（4名～8名様用） 掘りごたつ個室あり（2名～6名様用） 掘りごたつ個室あり（2名～4名様用） ※個室の詳細はお店にお問い合わせください"
"和牛 まつした","530-0002","大阪府大阪市北区曽根崎新地1-5-9 REXビル6F","050-5799-2592","","","","30席 掘りごたつ席あり","掘りごたつ個室あり（2名～8名様用） ※個室の詳細はお店にお問い合わせください"
"東京純豆腐 大阪マルビル店","530-0001","大阪府大阪市北区梅田1-9-20 大阪マルビルB2","06-4796-7388","","http://www.tokyo-sundubu.net","foodservice@brosandcompany.co.jp","25席",""
"健 HEPナビオ店","530-0017","大阪府大阪市北区角田町7-10 HEPナビオ6F","06-6361-8315","","","","24席",""
"うまか料理が自慢の居酒屋 九州だんじ 梅田茶屋町店","530-0013","大阪府大阪市北区茶屋町2-16 イースクエア茶屋町3F","050-5786-8267","","","","220席 座敷席あり 掘りごたつ席あり カウンター席あり","テーブル個室あり（7室/4名～18名様用/扉・壁あり） テーブル個室あり（9室/4名～8名様用/カーテン仕切り） ※個室の詳細はお店にお問い合わせください"
"やきとり 正や 梅田店","530-0057","大阪府大阪市北区曽根崎１-2-20 大幸ビル1F","050-5788-1397","","","","27席 カウンター席あり","テーブル個室あり（3名～12名様用） ※個室の詳細はお店にお問い合わせください"
"DiningBar VIA","530-0027","大阪府大阪市北区堂山町10-16 Kビル1F","050-5789-9441","","","","30席 カウンター席あり ソファー席あり",""
"西屋","530-0014","大阪府大阪市北区鶴野町4-4B コープ野村梅田","06-6377-0248","","","","24席 座敷席あり 掘りごたつ席あり","掘りごたつ個室あり（2名～10名様用） ※個室の詳細はお店にお問い合わせください"
"かっぽうぎ 中津店","531-0072","大阪府大阪市北区豊崎3-17-12 岡ビル1F","050-5522-5925","","http://www.kappougi.jp/","","120席 座敷席あり 掘りごたつ席あり","掘りごたつ個室あり（3名～6名様用） ※個室の詳細はお店にお問い合わせください"
"焼肉レストラン 明華園","530-0003","大阪府大阪市北区堂島1-4-20","050-5796-3220","","","","69席 座敷席あり カウンター席あり","座敷個室あり（6名～8名様用） 座敷個室あり（16名～20名様用） ※個室の詳細はお店にお問い合わせください"
"玄品ふぐ 福島の関","553-0003","大阪府大阪市福島区福島5-13-6","06-6453-5729","","http://www.tettiri.com/","","32席 座敷席あり",""
"北新地うのあん","530-0003","大阪府大阪市北区堂島1-4-20 第2ロイヤルビルB1","050-5797-4743","","","","40席 座敷席あり 掘りごたつ席あり","掘りごたつ個室あり（2名～4名様用） 掘りごたつ個室あり（5名～8名様用） 掘りごたつ個室あり（～6名様用） 掘りごたつ個室あり（2名～22名様用） テーブル個室あり（2名～6名様用） ※個室の詳細はお店にお問い合わせください"
"かっぽうぎ 堂北店","530-0003","大阪府大阪市北区堂島2-3-2 堂北ビル1F","050-5522-5920","","","","83席","掘りごたつ個室あり（2名～4名様用） テーブル個室あり（2名～6名様用） ※個室の詳細はお店にお問い合わせください"
"玄品ふぐ 曽根崎の関","530-0057","大阪府大阪市北区曽根崎2-13-21 セシボンビルB1","06-6360-7329","","http://www.tettiri.com","","32席 座敷席あり",""
"中之島 なだ万","530-0005","大阪府大阪市北区中之島5-3-68 リーガロイヤルホテルB1","06-6443-7101","","http://www.nadaman.co.jp/","","73席 掘りごたつ席あり カウンター席あり ソファー席あり","テーブル個室あり（2室/5名～12名様用） ※個室の詳細はお店にお問い合わせください"
"個室 のりを 福島店","553-0003","大阪府大阪市福島区福島5-8-14 吉紹ビル8F","050-5798-1196","","","","77席 掘りごたつ席あり","テーブル個室あり（2名～25名様用） ※個室の詳細はお店にお問い合わせください"
"新世界じゃんじゃん 梅田店","530-0027","大阪府大阪市北区堂山町8-8 梅田エイトビル1-2F","050-5786-8271","","","","141席 座敷席あり 掘りごたつ席あり","掘りごたつ個室あり（4名様用） 掘りごたつ個室あり（2名～36名様用） テーブル個室あり（2名～36名様用） ※個室の詳細はお店にお問い合わせください"
"加津屋","553-0003","大阪府大阪市福島区福島8-20-3","06-6451-7739","","","","35席 座敷席あり 座椅子あり カウンター席あり",""
"たんとと和くら ヨドバシ梅田店","530-0011","大阪府大阪市北区大深町1-1 ヨドバシ梅田8F","050-5797-4354","","http://www.tantoto-wakura.com/tenpo.html","","80席",""
"一得 福島店","531-0075","大阪府大阪市北区大淀南3-2-4 アパートメントK&rsquo;s","06-6455-2559","","http://www.bealive.jp","","54席 掘りごたつ席あり カウンター席あり","掘りごたつ個室あり（2名～4名様用） 掘りごたつ個室あり（10名～16名様用） 掘りごたつ個室あり（6名～10名様用） 掘りごたつ個室あり（4名～6名様用） ※個室の詳細はお店にお問い合わせください"
"もつ鍋 福福福屋－ふくみや－ 福島店","553-0003","大阪府大阪市福島区福島8-13-12","06-6455-3563","","","","24席",""
"しゃかりき432゛ 新福島店","553-0003","大阪府大阪市福島区福島3-6-15","050-5522-4026","","","","70席 座敷席あり 座椅子あり カウンター席あり","テーブル個室あり（2室/2名～8名様用/パーティション仕切り） ※個室の詳細はお店にお問い合わせください"
"炭火焼ヤマハチ商店 梅田茶屋町店","530-0013","大阪府大阪市北区茶屋町13-10","050-5786-8266","","","","58席 座敷席あり 掘りごたつ席あり","掘りごたつ個室あり（4名～15名様用/扉・壁あり） ※個室の詳細はお店にお問い合わせください"
"四国名物料理 酒友龍馬 梅田東通り店","530-0027","大阪府大阪市北区堂山町6-6 ステージゴールドビル2 1～3F","050-5513-9963","","","","128席 座敷席あり 掘りごたつ席あり","掘りごたつ個室あり（2名～18名様用/扉・壁あり） 掘りごたつ個室あり（2名～12名様用/扉・壁あり） ※個室の詳細はお店にお問い合わせください"
"敦煌 北新地本店","530-0002","大阪府大阪市北区曽根崎新地2-2-16 西梅田MIDビルB2","050-5522-4097","","","","96席","テーブル個室あり（2室/2名～8名様用/扉・壁あり） テーブル個室あり（1室/9名～16名様用/扉・壁あり） テーブル個室あり（1室/17名～25名様用/扉・壁あり） テーブル個室あり（1室/51名～65名様用/扉・壁あり） ※個室の詳細はお店にお問い合わせください"
"新どおぞの","530-0002","大阪府大阪市北区曽根崎新地1-5-9 REXビル3F","06-6345-5771","","","","19席 掘りごたつ席あり","掘りごたつ個室あり（4名～8名様用） ※個室の詳細はお店にお問い合わせください"
"居酒屋 浄正","553-0003","大阪府大阪市福島区福島5-11-7","050-5798-2831","","","","44席 カウンター席あり","テーブル個室あり（15名～26名様用） ※個室の詳細はお店にお問い合わせください"
"鮨 しら川","530-0002","大阪府大阪市北区曽根崎新地1-9-11 エスパス北新地1F","050-5786-4809","","","","20席 カウンター席あり","テーブル個室あり（1室/2名～8名様用/パーティション仕切り） ※個室の詳細はお店にお問い合わせください"
"はまぐり庵 －吉祥別邸－","530-0012","大阪府大阪市北区芝田1-1-3 阪急三番街南館B2","050-5798-9212","","http://hamagurian.jp/","","75席 座敷席あり 掘りごたつ席あり カウンター席あり ソファー席あり","掘りごたつ個室あり（5室/20名様用） テーブル個室あり（4室/16名様用） ※個室の詳細はお店にお問い合わせください"
"北新地 鳥屋 本店","530-0002","大阪府大阪市北区曽根崎新地1-9-1 プランドールビルB1","050-5522-5904","","http://kitashinchitoriya.com","","30席 座敷席あり カウンター席あり","座敷個室あり（7名～13名様用/カーテン仕切り） ※個室の詳細はお店にお問い合わせください"
"とん彩や 福島店","553-0003","大阪府大阪市福島区福島5-10-13","06-6456-1038","","","","50席 座敷席あり","座敷個室あり（17名～25名様用） テーブル個室あり（17名～25名様用） ※個室の詳細はお店にお問い合わせください"
"食道園 北新地店","530-0002","大阪府大阪市北区曾根崎新地1-6-4","050-5798-1876","","http://syokudoen.co.jp/","","200席 座敷席あり 掘りごたつ席あり","掘りごたつ個室あり（15室/4名～60名様用/扉・壁あり） ※個室の詳細はお店にお問い合わせください"
"居酒屋 こがね屋 梅田店","530-0001","大阪府大阪市北区角田町梅田地下街2-5 ホワイティウメダB1ノースモール","050-5799-0356","","http://uoman-group.com/","","39席",""
"焼肉 しゃぶしゃぶ 串八 梅田店","530-0057","大阪府大阪市北区曽根崎2-13-5","050-5798-9515","","","","30席 カウンター席あり",""
"隆膳","553-0003","大阪府大阪市福島区福島6-9-17 レジオン福島1F","06-6454-0009","","","","20席 座敷席あり",""
"曽根崎ホルモン","530-0002","大阪府大阪市北区曽根崎新地1-6-28 北新地ビル2F","06-6341-1716","","","","25席",""
"心斎橋 にし家","530-0011","大阪府大阪市北区大深町4-20 グランフロント大阪 南館7F","06-6359-1248","","","","32席",""
"慶喜","530-0002","大阪府大阪市北区曽根崎新地1-5-2 大川ビル本館2F","050-5789-1113","","","","20席 座敷席あり 掘りごたつ席あり カウンター席あり","座敷個室あり（1室/2名～4名様用/扉・壁あり） 掘りごたつ個室あり（1室/4名～6名様用/扉・壁あり） テーブル個室あり（1室/2名～4名様用/カーテン仕切り） ※個室の詳細はお店にお問い合わせください"
"ちゃんこ ごっつ庵","553-0001","大阪府大阪市福島区海老江1-3-11","06-6458-0230","","","","22席 掘りごたつ席あり",""
"神留","530-0003","大阪府大阪市北区堂島1-3-4 谷安ビル1F","050-5797-3539","","http://homepage2.nifty.com/kantome/","","20席 座敷席あり カウンター席あり","テーブル個室あり（2名～4名様用） 座敷個室あり（2名～12名様用） ※個室の詳細はお店にお問い合わせください"
"かっぽうぎ 芝田店","530-0012","大阪府大阪市北区芝田2-3-22 ホテルランドマーク梅田1F","050-5522-5922","","","","70席",""
"個室和食 うおまん 北新地店","530-0004","大阪府大阪市北区堂島浜1-4-4 アクア堂島フォンターナ1F","050-5788-7590","","http://uoman-group.com/","","58席 掘りごたつ席あり","掘りごたつ個室あり（4室/2名～6名様用/扉・壁あり） 座敷個室あり（4室/2名～12名様用/扉・壁あり） 座敷個室あり（4室/2名～12名様用/パーティション仕切り） ※個室の詳細はお店にお問い合わせください"
"産地直送 金まる屋 北新地","530-0003","大阪府大阪市北区堂島1-4-20 第2ロイヤルビル1F","050-5786-8112","","","","28席 カウンター席あり",""
"味 神田川","530-0002","大阪府大阪市北区曽根崎新地1-1-40 (ジロービル1F)","050-5798-8573","","http://kanndagawa.com/ajikandagawa.html","","15席 座敷席あり 掘りごたつ席あり カウンター席あり","座敷個室あり（2名～4名様用） ※個室の詳細はお店にお問い合わせください"
"割烹むつごろう","530-0002","大阪府大阪市北区曽根崎新地1-10-16 永楽ビル2F","06-6341-0377","06-6341-0377","http://www.mutsugorou.jp/","","21席 掘りごたつ席あり カウンター席あり 夜景が見える","掘りごたつ個室あり（1室/8名様用/扉・壁あり） 掘りごたつ個室あり（2室/4名様用/カーテン仕切り） ※個室の詳細はお店にお問い合わせください"
"OOLUTO","553-0003","大阪府大阪市福島区福島7-5-13","06-6458-6637","","","","25席",""
"どおぞの","530-0002","大阪府大阪市北区曽根崎新地1-5-6 新地VIPビル1F","06-6345-5221","","http://www.doozono.com","","19席 掘りごたつ席あり","掘りごたつ個室あり（3名～10名様用） ※個室の詳細はお店にお問い合わせください"
"とんかつ 串揚げ 堂島かつの","530-0003","大阪府大阪市北区堂島2-1-24 堂島アーバンスクエアB1","06-6347-7088","","","","30席",""
"東北だべさ 梅田東通り店","530-0027","大阪府大阪市北区堂山町6-7 ステージゴールドビル2・3Ｆ","050-5786-8270","","","","210席 座敷席あり 掘りごたつ席あり","掘りごたつ個室あり（4名～100名様用） 掘りごたつ個室あり（2名～30名様用） ※個室の詳細はお店にお問い合わせください"
"はがくれ ラグザ店","553-0003","大阪府大阪市福島区福島5-6-16 ホテル阪神B1 ラグザスクエア","06-6345-3923","","","","60席","掘りごたつ個室あり（2名～12名様用） テーブル個室あり（8名～12名様用） ※個室の詳細はお店にお問い合わせください"
"喰人 －EAT MAN－ 東通り店","530-0018","大阪府大阪市北区小松原町1-19","050-5513-9968","","","","138席 座敷席あり 掘りごたつ席あり","掘りごたつ個室あり（7名様用/カーテン仕切り） ※個室の詳細はお店にお問い合わせください"
"旬の魚と季節のお料理 くすの木 梅田堂島店","530-0003","大阪府大阪市北区堂島2-3-33 堂北山二ビル1F","050-5799-5912","","http://www.o-kusunoki.jp/","","30席 座椅子あり カウンター席あり",""
"北新地 はし本","530-0003","大阪府大阪市北区堂島1-2-23 田園ビル2F","06-6348-9222","","","","20席 掘りごたつ席あり カウンター席あり","掘りごたつ個室あり（1室/6名様用/扉・壁あり） 掘りごたつ個室あり（1室/4名様用/扉・壁あり） 掘りごたつ個室あり（1室/2名様用/扉・壁あり） 掘りごたつ個室あり（1室/12名様用/扉・壁あり） ※個室の詳細はお店にお問い合わせください"
"豚の晴れぶたい 東通り店","530-0027","大阪府大阪市北区堂山町5-19 ふるさとビル1F","050-5513-9957","","","","46席 座敷席あり 掘りごたつ席あり",""
"玄","530-0003","大阪府大阪市北区堂島1-2-2 堂栄ビル1F","050-5789-7927","","","","36席","テーブル個室あり（6名～8名様用） ※個室の詳細はお店にお問い合わせください"
"田毎そば","530-0012","大阪府大阪市北区芝田1-1-3 阪急三番街","06-6372-9261","","","","60席",""
"正起屋 阪急三番街店","530-0012","大阪府大阪市北区芝田1-1-3 阪急三番街南館B2","06-6373-3773","","http://www.masakiya-c.com/","","30席",""
"はんなり 梅田店","530-0057","大阪府大阪市北区曽根崎2-10-15 曽根崎センタービル4F","06-6351-4503","","","","40席","テーブル個室あり（3室/5名～30名様用） ※個室の詳細はお店にお問い合わせください"
"北新地 平八","530-0003","大阪府大阪市北区堂島1-3-14 堂島平八ビル2F","06-6343-2711","","http://www.hirahachi.jp/","","38席 座敷席あり 掘りごたつ席あり カウンター席あり","掘りごたつ個室あり（2名～4名様用） 掘りごたつ個室あり（5名～8名様用） 掘りごたつ個室あり（4名～6名様用） 掘りごたつ個室あり（7名～12名様用） ※個室の詳細はお店にお問い合わせください"
"個室 de ごはん ゆめゆめ","530-0002","大阪府大阪市北区曽根崎新地1-5-4 新陽第一ビル1F","050-5518-7199","","","","28席 掘りごたつ席あり カウンター席あり","掘りごたつ個室あり（8名様用） テーブル個室あり（6名様用） テーブル個室あり（4名様用） テーブル個室あり（4名様用） テーブル個室あり（4名～22名様用） ※個室の詳細はお店にお問い合わせください"
"道頓堀 今井 リーガロイヤルホテル店","530-0005","大阪府大阪市北区中之島5-3-68 リーガロイヤルホテルB1","050-5787-6485","","http://www.d-imai.com/","","36席",""
"大喜","530-0003","大阪府大阪市北区堂島1-2-32 トヨタビル2F","06-6347-7758","","","","20席 掘りごたつ席あり",""
"焼肉・しゃぶしゃぶ 福笑 福島","553-0003","大阪府大阪市福島区福島5-11-2","050-5787-0237","","http://www.fuku-warai.jp/","","72席 座敷席あり","掘りごたつ個室あり（2名～6名様用） 掘りごたつ個室あり（2名～8名様用） ※個室の詳細はお店にお問い合わせください"
"器楽Dining &pi;","530-0003","大阪府大阪市北区堂島1-5-5 エスパス北新地25 2F","050-5789-2044","","","","11席 カウンター席あり",""
"和魂","553-0003","大阪府大阪市福島区福島7-2-2","06-4797-2575","","","","30席 座敷席あり 掘りごたつ席あり",""
"焼鳥・もも焼き 大山 ヨドバシ梅田店","530-0011","大阪府大阪市北区大深町1-1 ヨドバシ梅田ビル8F","050-5789-6137","06-6100-2721","http://www.d-diner.net/","info@d-diner.net","52席 カウンター席あり ソファー席あり 夜景が見える",""
"あぶりやき まるちゃん","530-0002","大阪府大阪市北区曽根崎新地1-11-5","050-5797-3641","","","","36席 座敷席あり 掘りごたつ席あり カウンター席あり","掘りごたつ個室あり（7名～10名様用） 掘りごたつ個室あり（16名～20名様用） ※個室の詳細はお店にお問い合わせください"
"赤から 大阪福島店","553-0003","大阪府大阪市福島区福島5-9-11","06-6450-1755","","","","73席 座敷席あり 掘りごたつ席あり","掘りごたつ個室あり（6名～10名様用） 座敷個室あり（6名～10名様用） 座敷個室あり（6名～10名様用） ※個室の詳細はお店にお問い合わせください"
"横綱 名古屋場所 梅田東通り店","530-0027","大阪府大阪市北区堂山町3-15 レジャービルロイヤル1F","050-5788-1894","","","","88席 掘りごたつ席あり カウンター席あり","掘りごたつ個室あり（3室/4名～28名様用/扉・壁あり） ※個室の詳細はお店にお問い合わせください"
"炭火焼鳥専門店 播鳥 西梅田店","530-0000","大阪府大阪市北区梅田2-4-43","050-5799-5917","","http://banchou.co.jp/","","46席 掘りごたつ席あり カウンター席あり テラス・屋外席あり",""
"都美","530-0003","大阪府大阪市北区堂島1-4-7 堂浜アネックスビル4F","06-6343-5280","","","","17席","テーブル半個室あり（2名～3名様用） ※個室の詳細はお店にお問い合わせください"
"菖蒲","530-0002","大阪府大阪市北区曽根崎新地1-5-7 梅ばちビル2F","06-6345-7899","","","","15席",""
"きんくら酒場 金の蔵 梅田東通り店","530-0027","大阪府大阪市北区堂山町17-21 敬相ビル1F","050-5785-7961","","","","94席","テーブル個室あり（1室/25名～40名様用/パーティション仕切り） テーブル個室あり（1室/7名～8名様用/扉・壁あり） テーブル個室あり（2室/5名～6名様用/パーティション仕切り） テーブル個室あり（8室/2名～4名様用/パーティション仕切り） テーブル個室あり（7室/2名様用/パーティション仕切り） ※個室の詳細はお店にお問い合わせください"
"もつ鍋と創作料理のお店 なごみ家 北新地店","530-0002","大阪府大阪市北区曽根崎新地1-7-5 ハロルビルB1","06-6345-0331","","","","",""
"鉄板焼・ホルモン鍋 なす","553-0003","大阪府大阪市福島区福島1-6-4","06-6131-4089","","","","",""
"道頓堀あかい 北店","530-0003","大阪府大阪市北区堂島1-3-33","06-6347-1775","","","","座椅子あり カウンター席あり",""
"てんり．","530-0003","大阪府大阪市北区堂島1-3-8 堂島リンデンビル3F","06-6442-0044","","","","掘りごたつ席あり",""
"居酒屋よしざいる","553-0007","大阪府大阪市福島区大開3-2-27","06-6465-4320","","","","カウンター席あり",""
"炭火焼鳥はれるや","553-0003","大阪府大阪市福島区福島8-18-4 メゾンド日西1F","06-6344-6820","","","","座敷席あり 座椅子あり カウンター席あり",""
"鶏好家","530-0001","大阪府大阪市北区梅田1-2 大阪駅前第2ビルB2","06-6346-5005","","","","カウンター席あり",""
"居酒屋 とも吉","531-0072","大阪府大阪市北区豊崎4-2-16 第2メゾン北梅田1F","06-6371-1299","","","","座椅子あり カウンター席あり",""
"讃岐うどん 今雪","530-0026","大阪府大阪市北区神山町3-10 清覚ビル1F","06-6316-0826","","","","座敷席あり",""
"とり焼 かん美","530-0003","大阪府大阪市北区堂島3-2-21 伊藤ビル1F","06-6343-8338","","","","座敷席あり カウンター席あり カップルシートあり","テーブル個室あり（1室/6名様用/扉・壁あり） テーブル個室あり（1室/2名様用/カーテン仕切り） 座敷個室あり（1室/3名様用/扉・壁あり） ※個室の詳細はお店にお問い合わせください"
"和味創采 とりで","530-0001","大阪府大阪市北区梅田2-4-43 浪漫倶楽部3F","06-6341-7755","","","","座敷席あり","座敷個室あり（4名～8名様用） 座敷個室あり（4名～16名様用） ※個室の詳細はお店にお問い合わせください"
"福屋 梅田店","530-0057","大阪府大阪市北区曽根崎2-14-5","06-4709-5354","","","","座敷席あり",""
"アグー総本店小野","530-0003","大阪府大阪市北区堂島1-3-23 日宝北新地ビル1階","06-6346-6636","","","","",""
"楽","553-0003","大阪府大阪市福島区福島5-13-7","06-6451-3187","","","","座敷席あり カウンター席あり",""
"やまがそば","553-0001","大阪府大阪市福島区海老江7-6-12","06-6458-8546","","","","座敷席あり カウンター席あり",""
"にこみや大山","553-0004","大阪府大阪市福島区玉川4-12-8 オモテビル1F","06-6446-6688","","","","掘りごたつ席あり カウンター席あり","掘りごたつ個室あり（2名～36名様用） ※個室の詳細はお店にお問い合わせください"
"もつ鍋バール　二代目よしざいる","531-0076","大阪府大阪市北区大淀中1-17-7","06-7173-8780","","","","掘りごたつ席あり カウンター席あり ソファー席あり テラス・屋外席あり","掘りごたつ個室あり（2室/2名～22名様用） ※個室の詳細はお店にお問い合わせください"
"しゃぶしゃぶ温野菜 福島駅前店","553-0003","大阪府大阪市福島区福島5-8-14 福島吉紹ビル2F","06-6451-8338","","","","",""
"たつみ","553-0006","大阪府大阪市福島区吉野5-8-27","06-6462-7851","","","","",""
"國乃家","530-0057","大阪府大阪市北区曽根崎1-6-4","06-6312-0126","","","","",""
"あつむら","530-0012","大阪府大阪市北区芝田2-3-16","06-6359-3431","","","","",""
"讃岐うどん しゃぶしゃぶ 粂屋","530-0001","大阪府大阪市北区梅田3-1-1 大丸梅田14F","06-6347-1577","","","","",""
"もつ鍋専門店 中も津屋 本店","531-0072","大阪府大阪市北区豊崎5-7-11 アベニュー中津1F","06-6373-0330","","","","",""
"賀茂姫","553-0003","大阪府大阪市福島区福島5-6-3","06-6452-5317","","","","",""
"池田銀なべ・北新地","530-0002","大阪府大阪市北区曽根崎新地1-2-13 北新地タムラビル2F","06-6343-2728","","","","",""
"しゃぶ亭 阪急かっぱ横丁店","530-0012","大阪府大阪市北区芝田1-7-2","06-6373-0739","","","","",""
"ふくみ屋 福島別館","553-0003","大阪府大阪市福島区福島8-14-12","06-6455-8088","","","","",""
"もつ鍋 チャンピオン","553-0003","大阪府大阪市福島区福島7-8-6","06-6450-1083","","","","",""
"もつ鍋 やまや エキマルシェ大阪店","530-0001","大阪府大阪市北区梅田3-1-1 エキマルシェ大阪","06-4797-0808","","","","",""
"博多 もつ鍋 やまや 梅田店","530-0017","大阪府大阪市北区角田町5-1 梅田楽天地ビル1F","06-6316-0888","","","","",""
"しゃぶはうす","530-0002","大阪府大阪市北区曽根崎新地1-2-30 新三ツ輪ビル　1F","06-6345-0106","","","","",""
"北新地 しゃぶ亭","530-0002","大阪府大阪市北区曽根崎新地1-8-8 1F","06-6346-2275","","","","",""
"あんじゅう","530-0016","大阪府大阪市北区中崎3-2-25","06-6359-2137","","","","座敷席あり",""
"韓国料理ボウン","553-0006","大阪府大阪市福島区吉野3-21-17","06-6461-5309","","","","",""
"しゃぶしゃぶ ぐるまん","530-0017","大阪府大阪市北区角田町梅田地下街2-3","06-6312-9353","","","","",""
"大阪 野田 草鍋 えんや","553-0005","大阪府大阪市福島区野田3-15-10 KAITOビル1F","06-6462-4007","","","","",""
"ホルモン鍋やまちゃん","530-0051","大阪府大阪市北区太融寺町3-33","06-6315-4129","","","","",""
"神谷","530-0003","大阪府大阪市北区堂島1-3-4","06-6344-0129","","","","",""
"じゃこう","553-0006","大阪府大阪市福島区吉野2-14-16 2F","06-6441-1687","","","","",""
"しゃぶしゃぶ new KOBE 堂島店","530-0002","大阪府大阪市北区曽根崎新地1 堂島地下センター4号","06-6344-7680","","","","",""
"もつ鍋 蟻月 堂島店","530-0002","大阪府大阪市北区曽根崎新地2-5-34","06-6348-2211","","","","",""
"アジアン居酒屋 NARI屋～ナリヤ～","530-0057","大阪府大阪市北区曽根崎2-5-38","06-7506-1851","","","","",""
"つばき","530-0003","大阪府大阪市北区堂島1-3-28","06-6341-3343","","","","",""
"はま","531-0076","大阪府大阪市北区大淀中1-17-7","06-6455-6807","","","","",""
"にいたか","531-0076","大阪府大阪市北区大淀中1-1-90 梅田スカイビル　B1F","06-6440-5912","","","","",""
"中央電気倶楽部 えれき亭","530-0004","大阪府大阪市北区堂島浜2-1-25 中央電気倶楽部B1F","06-6345-6351","","","","",""
"東","530-0003","大阪府大阪市北区堂島1-2-25","06-6345-2777","","","","",""
"焼鍋 孫家","530-0002","大阪府大阪市北区曽根崎新地1-2-24 ニューウメダビル3F","06-6442-8011","","","","",""
